Region Name,Region ID,Sep-10,Oct-10,Nov-10,Dec-10,Jan-11,Feb-11,Mar-11,Apr-11,May-11,Jun-11,Jul-11,Aug-11,Sep-11,Oct-11,Nov-11,Dec-11,Jan-12,Feb-12,Mar-12,Apr-12,May-12,Jun-12,Jul-12,Aug-12,Sep-12,Oct-12,Nov-12,Dec-12,Jan-13,Feb-13,Mar-13,Apr-13,May-13,Jun-13,Jul-13,Aug-13,Sep-13,Oct-13,Nov-13,Dec-13,Jan-14,Feb-14,Mar-14,Apr-14,May-14,Jun-14,Jul-14,Aug-14,Sep-14,Oct-14,Nov-14,Dec-14,Jan-15,Feb-15,Mar-15,Apr-15,May-15,Jun-15,Jul-15,Aug-15,Sep-15,Oct-15,Nov-15,Dec-15,Jan-16,Feb-16,Mar-16,Apr-16,May-16,Jun-16,Jul-16,Aug-16,Sep-16,Oct-16,Nov-16,Dec-16,Jan-17,Feb-17,Mar-17,Apr-17,May-17,Jun-17,Jul-17,Aug-17,Sep-17,Oct-17,Nov-17,Dec-17,Jan-18,Feb-18,Mar-18,Apr-18,May-18,Jun-18,Jul-18,Aug-18,Sep-18,Oct-18,Nov-18,Dec-18,Jan-19,Feb-19,Mar-19,Apr-19,May-19,Jun-19,Jul-19,Aug-19,Sep-19
Alamo Square,417523,"$2,707","$2,701","$2,714","$2,761","$2,716","$2,643","$2,597","$2,573","$2,580","$2,586","$2,601","$2,611","$2,645","$2,677","$2,696","$2,725","$2,747","$2,764","$2,799","$2,793","$2,831","$2,844","$2,841","$2,854","$2,859","$2,871","$2,885","$2,898","$2,909","$2,930","$2,914","$2,909","$2,918","$2,969","$3,027","$3,080","$3,120","$3,145","$3,164","$3,168","$3,186","$3,195","$3,217","$3,266","$3,318","$3,361","$3,417","$3,479","$3,515","$3,530","$3,571","$3,576","$3,583","$3,576","$3,582","$3,602","$3,635","$3,669","$3,680","$3,703","$3,717","$3,736","$3,754","$3,765","$3,771","$3,781","$3,802","$3,794","$3,795","$3,786","$3,776","$3,776","$3,771","$3,741","$3,722","$3,691","$3,649","$3,595","$3,572","$3,558","$3,546","$3,537","$3,533","$3,537","$3,533","$3,523","$3,509","$3,494","$3,512","$3,537","$3,573","$3,598","$3,600","$3,591","$3,571","$3,566","$3,554","$3,565","$3,577","$3,596","$3,605","$3,620","$3,633","$3,647","$3,663","$3,677","$3,705","$3,716","$3,717"
Anza Vista,417521,"$2,872","$2,887","$2,877","$2,881","$2,707","$2,597","$2,483","$2,372","$2,378","$2,360","$2,372","$2,409","$2,500","$2,558","$2,642","$2,684","$2,663","$2,648","$2,646","$2,644","$2,667","$2,698","$2,756","$2,784","$2,770","$2,740","$2,731","$2,717","$2,769","$2,809","$2,784","$2,756","$2,759","$2,804","$2,870","$2,907","$2,928","$2,943","$2,951","$2,945","$2,906","$2,886","$2,884","$2,934","$3,000","$3,043","$3,138","$3,226","$3,269","$3,272","$3,292","$3,304","$3,311","$3,289","$3,298","$3,320","$3,364","$3,406","$3,429","$3,459","$3,462","$3,483","$3,492","$3,474","$3,465","$3,460","$3,453","$3,466","$3,508","$3,516","$3,515","$3,499","$3,519","$3,489","$3,436","$3,393","$3,397","$3,401","$3,398","$3,393","$3,380","$3,359","$3,378","$3,384","$3,393","$3,398","$3,379","$3,367","$3,372","$3,383","$3,386","$3,386","$3,382","$3,365","$3,347","$3,308","$3,296","$3,298","$3,289","$3,340","$3,366","$3,333","$3,312","$3,304","$3,294","$3,281","$3,262","$3,247","$3,230"
Balboa Terrace,417508,0,"$3,844","$3,939","$3,966","$3,853","$3,695","$3,541","$3,428","$3,322","$3,251","$3,217","$3,187","$3,218","$3,208","$3,200","$3,145","$3,109","$3,023","$2,995","$3,030","$3,074","$3,169","$3,260","$3,385","$3,404","$3,361","$3,398","$3,436","$3,553","$3,537","$3,421","$3,347","$3,263","$3,265","$3,362","$3,413","$3,439","$3,453","$3,429","$3,459","$3,495",0,0,0,0,0,0,0,0,0,0,0,0,0,0,0,0,0,0,0,0,0,0,0,0,0,0,0,0,0,0,0,0,0,0,0,0,0,0,0,0,0,0,0,0,0,0,0,0,0,0,0,0,0,0,0,0,0,0,0,0,0,0,0,0,0,0,0,0
Bayview,272885,"$3,028","$3,069","$3,109","$3,137","$2,959","$2,782","$2,621","$2,492","$2,391","$2,362","$2,348","$2,381","$2,392","$2,354","$2,277","$2,271","$2,255","$2,254","$2,227","$2,250","$2,261","$2,253","$2,211","$2,186","$2,147","$2,168","$2,228","$2,279","$2,311","$2,353","$2,396","$2,404","$2,430","$2,427","$2,412","$2,406","$2,435","$2,514","$2,570","$2,607","$2,645","$2,665","$2,653","$2,642","$2,655","$2,706","$2,810","$2,922","$3,025","$3,121","$3,202","$3,269","$3,325","$3,362","$3,361","$3,384","$3,393","$3,434","$3,492","$3,590","$3,663","$3,689","$3,638","$3,570","$3,506","$3,475","$3,480","$3,492","$3,510","$3,539","$3,558","$3,555","$3,534","$3,474","$3,430","$3,403","$3,376","$3,358","$3,350","$3,378","$3,415","$3,449","$3,441","$3,398","$3,353","$3,327","$3,312","$3,304","$3,314","$3,345","$3,389","$3,416","$3,445","$3,415","$3,406","$3,400","$3,384","$3,401","$3,429","$3,446","$3,454","$3,441","$3,408","$3,368","$3,340","$3,337","$3,353","$3,397","$3,436"
Bernal Heights,268020,"$3,004","$2,985","$3,004","$3,021","$2,945","$2,854","$2,783","$2,723","$2,682","$2,680","$2,688","$2,709","$2,715","$2,711","$2,695","$2,686","$2,697","$2,717","$2,764","$2,817","$2,861","$2,881","$2,885","$2,871","$2,842","$2,803","$2,770","$2,760","$2,784","$2,817","$2,876","$2,916","$2,950","$2,986","$3,009","$3,039","$3,083","$3,144","$3,190","$3,220","$3,188","$3,172","$3,156","$3,197","$3,280","$3,353","$3,397","$3,437","$3,481","$3,544","$3,612","$3,665","$3,717","$3,739","$3,750","$3,765","$3,799","$3,847","$3,874","$3,951","$3,997","$4,038","$4,083","$4,089","$4,070","$4,057","$4,009","$3,989","$3,991","$3,989","$3,977","$3,944","$3,906","$3,871","$3,842","$3,796","$3,736","$3,702","$3,675","$3,655","$3,670","$3,670","$3,648","$3,622","$3,601","$3,600","$3,579","$3,558","$3,602","$3,643","$3,700","$3,741","$3,762","$3,762","$3,733","$3,702","$3,692","$3,696","$3,692","$3,714","$3,725","$3,712","$3,693","$3,690","$3,702","$3,708","$3,727","$3,757","$3,781"
Buena Vista,417524,"$2,943","$2,984","$3,011","$3,036","$2,985","$2,917","$2,876","$2,861","$2,849","$2,849","$2,845","$2,913","$2,977","$3,023","$3,086","$3,130","$3,162","$3,174","$3,191","$3,178","$3,180","$3,180","$3,200","$3,210","$3,211","$3,212","$3,190","$3,231","$3,306","$3,359","$3,399","$3,411","$3,431","$3,468","$3,527","$3,578","$3,610","$3,636","$3,640","$3,631","$3,631","$3,631","$3,666","$3,732","$3,804","$3,875","$3,963","$4,045","$4,087","$4,110","$4,133","$4,149","$4,149","$4,156","$4,186","$4,211","$4,261","$4,315","$4,347","$4,387","$4,398","$4,405","$4,413","$4,409","$4,420","$4,433","$4,412","$4,398","$4,389","$4,382","$4,373","$4,365","$4,365","$4,341","$4,305","$4,252","$4,200","$4,169","$4,139","$4,113","$4,097","$4,087","$4,085","$4,086","$4,102","$4,104","$4,075","$4,060","$4,059","$4,057","$4,054","$4,040","$4,004","$3,976","$3,942","$3,933","$3,930","$3,946","$3,961","$4,010","$4,035","$4,027","$4,001","$3,968","$3,948","$3,939","$3,934","$3,932","$3,937"
Chinatown,114291,"$2,965","$2,962","$2,950","$2,945","$2,794","$2,618","$2,475","$2,365","$2,275","$2,212","$2,196","$2,221","$2,266","$2,265","$2,272","$2,208","$2,213","$2,202","$2,254","$2,324","$2,390","$2,439","$2,420","$2,392","$2,392","$2,394","$2,417","$2,497","$2,586","$2,663","$2,716","$2,738","$2,799","$2,873","$2,987","$3,042","$3,047","$3,056","$3,064","$3,056","$3,039","$3,030","$3,021","$2,990","$2,975","$2,974","$3,011","$3,058","$3,135","$3,204","$3,277","$3,358","$3,445","$3,485","$3,548","$3,610","$3,649","$3,682","$3,668","$3,664","$3,643","$3,633","$3,649","$3,650","$3,652","$3,654","$3,644","$3,644","$3,663","$3,668","$3,655","$3,635","$3,621","$3,545","$3,510","$3,449","$3,444","$3,444","$3,430","$3,399","$3,350","$3,318","$3,284","$3,256","$3,238","$3,243","$3,246","$3,242","$3,258","$3,266","$3,256","$3,236","$3,208","$3,221","$3,242","$3,270","$3,305","$3,351","$3,361","$3,370","$3,374","$3,327","$3,269","$3,236","$3,236","$3,238","$3,258","$3,276","$3,290"
Clarendon Heights,417525,"$2,921","$2,933","$2,944","$2,939","$2,882","$2,856","$2,842","$2,852","$2,837","$2,815","$2,778","$2,814","$2,871","$2,933","$3,001","$3,049","$3,098","$3,131","$3,148","$3,114","$3,128","$3,150","$3,194","$3,199","$3,161","$3,147","$3,084","$3,086","$3,111","$3,159","$3,235","$3,315","$3,402","$3,462","$3,525","$3,560","$3,574","$3,584","$3,603","$3,598","$3,580","$3,572","$3,573","$3,625","$3,692","$3,759","$3,856","$3,943","$4,014","$4,047","$4,084","$4,093","$4,109","$4,113","$4,111","$4,131","$4,190","$4,261","$4,317","$4,339","$4,356","$4,374","$4,346","$4,342","$4,335","$4,321","$4,306","$4,299","$4,304","$4,298","$4,295","$4,321","$4,344","$4,323","$4,294","$4,247","$4,183","$4,160","$4,144","$4,142","$4,140","$4,120","$4,110","$4,096","$4,106","$4,106","$4,099","$4,088","$4,105","$4,096","$4,055","$3,997","$3,961","$3,881","$3,843","$3,807","$3,803","$3,808","$3,849","$3,939","$3,985","$3,991","$3,974","$3,960","$3,947","$3,898","$3,885","$3,909","$3,915"
Corona Heights,417519,"$2,925","$2,926","$2,948","$2,959","$2,920","$2,877","$2,848","$2,827","$2,795","$2,791","$2,788","$2,844","$2,897","$2,935","$2,966","$2,993","$3,002","$3,023","$3,076","$3,096","$3,097","$3,085","$3,081","$3,079","$3,084","$3,064","$3,031","$3,049","$3,113","$3,168","$3,222","$3,251","$3,256","$3,299","$3,326","$3,377","$3,417","$3,443","$3,465","$3,451","$3,449","$3,448","$3,471","$3,514","$3,573","$3,631","$3,690","$3,768","$3,823","$3,873","$3,918","$3,956","$3,983","$4,005","$4,028","$4,039","$4,067","$4,110","$4,131","$4,176","$4,197","$4,223","$4,240","$4,256","$4,289","$4,316","$4,310","$4,298","$4,280","$4,262","$4,241","$4,210","$4,192","$4,163","$4,121","$4,070","$4,000","$3,965","$3,936","$3,924","$3,912","$3,918","$3,912","$3,912","$3,916","$3,916","$3,906","$3,905","$3,923","$3,941","$3,964","$3,971","$3,958","$3,954","$3,936","$3,928","$3,925","$3,947","$3,956","$3,969","$3,976","$3,955","$3,928","$3,913","$3,912","$3,917","$3,927","$3,934","$3,943"
Cow Hollow,268096,"$3,069","$3,120","$3,185","$3,211","$3,249","$3,247","$3,200","$3,145","$3,149","$3,179","$3,217","$3,257","$3,268","$3,253","$3,243","$3,297","$3,311","$3,305","$3,356","$3,358","$3,376","$3,362","$3,371","$3,340","$3,336","$3,279","$3,234","$3,243","$3,295","$3,383","$3,365","$3,339","$3,376","$3,427","$3,471","$3,551","$3,600","$3,561","$3,584","$3,636","$3,673","$3,691","$3,702","$3,748","$3,808","$3,860","$3,919","$3,975","$4,026","$4,063","$4,110","$4,142","$4,163","$4,181","$4,185","$4,203","$4,225","$4,266","$4,316","$4,383","$4,440","$4,473","$4,502","$4,495","$4,494","$4,491","$4,478","$4,477","$4,484","$4,478","$4,473","$4,475","$4,467","$4,436","$4,388","$4,325","$4,247","$4,204","$4,151","$4,117","$4,105","$4,102","$4,099","$4,102","$4,114","$4,108","$4,098","$4,076","$4,078","$4,078","$4,093","$4,100","$4,083","$4,107","$4,101","$4,100","$4,080","$4,100","$4,105","$4,146","$4,167","$4,171","$4,166","$4,166","$4,169","$4,158","$4,148","$4,155","$4,165"
Crocker Amazon,273404,0,"$2,940","$2,925","$2,910","$2,790","$2,666","$2,547","$2,460","$2,421","$2,405","$2,397","$2,399","$2,393","$2,404","$2,409","$2,433","$2,432","$2,415","$2,406","$2,420","$2,411","$2,411","$2,416","$2,416","$2,429","$2,424","$2,435","$2,477","$2,525","$2,570","$2,600","$2,621","$2,635","$2,649","$2,664","$2,684","$2,719","$2,734","$2,751","$2,772","$2,761","$2,756","$2,791","$2,788","$2,760","$2,763","$2,758","$2,799","$2,900","$2,975","$3,015","$3,045","$3,077","$3,103","$3,123","$3,172","$3,249","$3,297","$3,357","$3,454","$3,534","$3,569","$3,586","$3,556","$3,474","$3,398","$3,383","$3,412","$3,389","$3,413","$3,456","$3,476","$3,482","$3,425","$3,330","$3,316","$3,233","$3,211","$3,224","$3,277","$3,322","$3,326","$3,321","$3,259","$3,180","$3,177","$3,193","$3,188","$3,221","$3,242","$3,253","$3,275","$3,288","$3,283","$3,281","$3,290","$3,286","$3,280","$3,264","$3,296","$3,313","$3,321","$3,300","$3,266","$3,301","$3,335","$3,354","$3,363","$3,343"
Diamond Heights,268110,0,0,0,"$3,014",0,"$2,456",0,"$2,208","$2,144","$2,150","$2,165","$2,165","$2,157","$2,194","$2,222","$2,228","$2,238","$2,177","$2,173","$2,201","$2,279","$2,348","$2,382","$2,374","$2,293","$2,253","$2,235","$2,259","$2,307","$2,338","$2,371","$2,403","$2,457","$2,494","$2,507","$2,516","$2,556","$2,605","$2,596","$2,607","$2,556","$2,531","$2,531","$2,619","$2,682","$2,739","$2,753","$2,773","$2,847","$2,829","$2,818","$2,809","$2,803","$2,789","$2,815","$2,885","$2,948","$2,998","$3,062","$3,103","$3,137","$3,159","$3,186","$3,217","$3,209","$3,149","$3,071","$3,027","$3,018","$3,035","$3,065","$3,085","$3,132","$3,151","$3,151","$3,142","$3,101","$3,050","$3,021","$3,036","$3,046","$3,093","$3,080","$3,029","$3,075","$3,120","$3,116","$3,075","$3,004","$2,946","$2,953","$2,972","$3,005","$3,069","$3,126","$3,142","$3,140","$3,104","$3,105","$3,095","$3,089","$3,113","$3,137","$3,146","$3,143","$3,141","$3,137","$3,132","$3,126"
Downtown,268114,"$2,518","$2,579","$2,606","$2,617",0,"$2,114",0,0,"$1,707","$1,660","$1,620","$1,614","$1,649","$1,682","$1,743","$1,769","$1,784","$1,775","$1,811","$1,866","$1,921","$1,944","$1,960","$1,952","$1,931","$1,917","$1,915","$1,937","$1,964","$2,027","$2,063","$2,090","$2,109","$2,113","$2,133","$2,165","$2,195","$2,204","$2,249","$2,287","$2,301","$2,309","$2,315","$2,312","$2,367","$2,362","$2,384","$2,418","$2,454","$2,480","$2,516","$2,551","$2,583","$2,600","$2,600","$2,595","$2,574","$2,574","$2,587","$2,617","$2,630","$2,707","$2,744","$2,725","$2,738","$2,748","$2,683","$2,665","$2,703","$2,715","$2,664","$2,672","$2,688","$2,681","$2,665","$2,663","$2,648","$2,651","$2,648","$2,639","$2,619","$2,619","$2,592","$2,579","$2,578","$2,564","$2,534","$2,517","$2,508","$2,504","$2,549","$2,556","$2,546","$2,495","$2,466","$2,478","$2,517","$2,540","$2,561","$2,578","$2,586","$2,580","$2,588","$2,595","$2,595","$2,604","$2,609","$2,620","$2,632"
Duboce Triangle,417518,"$2,678","$2,755","$2,792","$2,829","$2,795","$2,748","$2,739","$2,730","$2,724","$2,711","$2,701","$2,734","$2,766","$2,821","$2,866","$2,894","$2,897","$2,905","$2,898","$2,879","$2,912","$2,928","$2,975","$2,978","$2,988","$3,016","$3,051","$3,067","$3,121","$3,174","$3,203","$3,227","$3,251","$3,291","$3,349","$3,388","$3,417","$3,435","$3,450","$3,470","$3,480","$3,485","$3,504","$3,570","$3,652","$3,724","$3,798","$3,866","$3,896","$3,906","$3,891","$3,876","$3,888","$3,927","$3,937","$3,963","$4,023","$4,073","$4,091","$4,112","$4,094","$4,149","$4,181","$4,211","$4,148","$4,119","$4,095","$4,090","$4,107","$4,096","$4,100","$4,095","$4,069","$4,035","$3,996","$3,947","$3,896","$3,871","$3,857","$3,872","$3,874","$3,884","$3,854","$3,868","$3,880","$3,887","$3,855","$3,832","$3,823","$3,815","$3,829","$3,836","$3,788","$3,756","$3,743","$3,742","$3,751","$3,792","$3,812","$3,812","$3,812","$3,805","$3,778","$3,765","$3,778","$3,794","$3,809","$3,836","$3,854"
Excelsior,268150,"$2,971","$2,956","$2,971","$2,971","$2,826","$2,685","$2,556","$2,459","$2,413","$2,385","$2,346","$2,327","$2,313","$2,309","$2,296","$2,292","$2,307","$2,332","$2,364","$2,360","$2,343","$2,358","$2,331","$2,340","$2,342","$2,325","$2,264","$2,284","$2,292","$2,358","$2,423","$2,414","$2,411","$2,451","$2,478","$2,520","$2,582","$2,634","$2,656","$2,691","$2,717","$2,729","$2,780","$2,807","$2,833","$2,876","$2,909","$2,953","$3,023","$3,021","$3,004","$3,028","$3,050","$3,074","$3,084","$3,108","$3,176","$3,250","$3,346","$3,445","$3,537","$3,628","$3,645","$3,636","$3,585","$3,535","$3,487","$3,482","$3,443","$3,441","$3,481","$3,488","$3,478","$3,431","$3,387","$3,357","$3,300","$3,285","$3,300","$3,327","$3,356","$3,355","$3,355","$3,322","$3,304","$3,291","$3,300","$3,283","$3,297","$3,287","$3,274","$3,277","$3,287","$3,220","$3,195","$3,209","$3,202","$3,214","$3,216","$3,223","$3,226","$3,225","$3,214","$3,211","$3,228","$3,249","$3,264","$3,275","$3,241"
Financial District,268156,"$2,950","$2,966","$2,980","$2,988","$2,981","$2,992","$2,992","$3,003","$2,975","$2,969","$2,965","$2,957","$2,955","$2,969","$2,990","$2,994","$2,966","$2,928","$2,941","$2,972","$3,022","$3,046","$3,067","$3,039","$2,963","$2,925","$2,878","$2,872","$2,906","$2,956","$3,028","$3,139","$3,253","$3,368","$3,474","$3,534","$3,599","$3,616","$3,647","$3,618","$3,606","$3,600","$3,630","$3,626","$3,602","$3,592","$3,570","$3,560","$3,671","$3,660","$3,690","$3,723","$3,822","$3,826","$3,806","$3,811","$3,851","$3,947","$4,028","$4,153","$4,173","$4,132","$4,085","$4,023","$3,962","$3,924","$4,105","$4,268","$4,330","$4,322","$4,266","$4,115","$3,947","$3,968","$3,948","$3,775","$3,759","$3,720","$3,776","$3,794","$3,784","$3,772","$3,766","$3,769","$3,778","$3,784","$3,742","$3,755","$3,808","$3,829","$3,842","$3,893","$3,877","$3,871","$3,849","$3,905","$3,949","$3,911","$3,883","$3,884","$3,885","$3,879","$3,875","$3,858","$3,865","$3,868","$3,888","$3,916","$3,935"
Forest Hill,255961,"$2,811","$2,804","$2,834","$2,887","$2,828","$2,739","$2,671","$2,615","$2,639","$2,660","$2,640","$2,633","$2,594","$2,683","$2,716","$2,735","$2,782","$2,835","$2,850","$2,847","$2,870","$2,900","$2,969","$2,983","$2,981","$2,945","$2,882","$2,825","$2,811","$2,831","$2,851","$2,862","$2,938","$2,969","$3,004","$3,043","$3,039","$3,027","$3,025","$3,038","$3,092",0,0,0,0,0,0,0,0,0,0,0,0,0,0,0,0,0,0,0,0,0,0,0,0,0,0,0,0,0,0,0,0,0,0,0,0,0,0,0,0,0,0,0,0,0,0,0,0,0,0,0,0,0,0,0,0,0,0,0,0,0,0,0,0,0,0,0,0
Forest Knolls,115133,"$4,290","$4,276","$4,331","$4,380","$4,240","$4,041","$3,869","$3,650","$3,545","$3,543","$3,471","$3,414","$3,527","$3,613","$3,673","$3,722","$3,710","$3,702","$3,821","$3,941","$3,939","$3,893","$3,826","$3,801","$3,706","$3,565","$3,460","$3,358","$3,300","$3,330","$3,353","$3,443","$3,521","$3,485","$3,563","$3,691","$3,816","$3,847","$3,812","$3,803","$3,863","$3,894","$3,866","$3,844","$3,831","$3,831","$3,877","$3,928","$3,981","$4,052","$4,142","$4,261","$4,272","$4,305","$4,213","$4,195","$4,241","$4,283","$4,287","$4,309","$4,317","$4,277","$4,248","$4,288","$4,389","$4,384","$4,323","$4,326","$4,251","$4,176","$4,203","$4,194","$4,169","$4,111","$4,047","$3,964","$3,918","$3,888","$3,850","$3,874","$3,931","$3,951","$3,975","$3,887","$3,801","$3,744","$3,672","$3,746","$3,800","$3,841","$3,789","$3,730","$3,709","$3,799","$3,781","$3,772","$3,734","$3,782","$3,808","$3,775","$3,758","$3,765","$3,784","$3,785","$3,781","$3,754","$3,777","$3,803","$3,820"
Glen Park,268177,"$2,985","$2,953","$2,954","$2,942","$2,815","$2,704","$2,594","$2,516","$2,486","$2,503","$2,518","$2,515","$2,508","$2,502","$2,504","$2,519","$2,517","$2,543","$2,573","$2,590","$2,569","$2,538","$2,511","$2,518","$2,535","$2,562","$2,545","$2,542","$2,561","$2,617","$2,681","$2,704","$2,677","$2,660","$2,645","$2,680","$2,751","$2,816","$2,804","$2,801","$2,809","$2,812","$2,874","$2,942","$3,034","$3,120","$3,205","$3,288","$3,367","$3,445","$3,515","$3,556","$3,587","$3,594","$3,587","$3,613","$3,656","$3,717","$3,769","$3,854","$3,909","$3,969","$3,984","$3,969","$3,939","$3,904","$3,873","$3,865","$3,869","$3,871","$3,869","$3,849","$3,827","$3,814","$3,789","$3,726","$3,647","$3,595","$3,574","$3,562","$3,563","$3,540","$3,519","$3,513","$3,496","$3,482","$3,476","$3,456","$3,492","$3,530","$3,572","$3,612","$3,638","$3,667","$3,671","$3,667","$3,670","$3,692","$3,690","$3,693","$3,694","$3,694","$3,705","$3,720","$3,736","$3,747","$3,773","$3,790","$3,797"
Golden Gate Heights,417516,"$3,059","$3,064","$3,099","$3,119","$3,019","$2,914","$2,828","$2,781","$2,779","$2,798","$2,823","$2,849","$2,858","$2,877","$2,902","$2,915","$2,957","$2,977","$2,969","$2,958","$2,987","$3,025","$3,074","$3,099","$3,082","$3,062","$3,011","$2,965","$2,948","$2,956","$2,983","$3,019","$3,103","$3,151","$3,151","$3,169","$3,165","$3,204","$3,243","$3,307","$3,388","$3,429","$3,441","$3,452","$3,482","$3,522","$3,578","$3,672","$3,737","$3,800","$3,871","$3,894","$3,866","$3,869","$3,873","$3,896","$3,950","$4,002","$4,029","$4,098","$4,139","$4,152","$4,138","$4,135","$4,134","$4,104","$4,070","$4,031","$4,040","$4,045","$4,041","$4,031","$4,025","$4,005","$3,979","$3,942","$3,888","$3,854","$3,840","$3,847","$3,860","$3,865","$3,845","$3,843","$3,815","$3,796","$3,760","$3,742","$3,742","$3,726","$3,729","$3,715","$3,701","$3,665","$3,636","$3,598","$3,568","$3,550","$3,533","$3,575","$3,597","$3,581","$3,568","$3,568","$3,572","$3,548","$3,535","$3,533","$3,514"
Golden Gate Park,403147,"$2,149","$2,149","$2,159","$2,150","$2,112","$2,068",0,0,0,0,0,0,0,0,0,"$1,723","$1,674","$1,679",0,"$1,714","$1,759","$1,794",0,"$1,806","$1,786",0,"$1,756","$1,683","$1,613",0,0,"$1,565","$1,575","$1,614","$1,685","$1,795","$1,883",0,0,"$1,940","$1,985","$2,008","$2,034","$2,071","$2,088","$2,114","$2,187","$2,256","$2,345","$2,388","$2,427","$2,438","$2,418","$2,416","$2,416","$2,408","$2,397","$2,441","$2,459","$2,476","$2,488","$2,524","$2,560","$2,576","$2,587","$2,567","$2,537","$2,523","$2,497","$2,520","$2,544","$2,534","$2,498","$2,439","$2,383","$2,352","$2,346","$2,364","$2,360","$2,408","$2,432","$2,453","$2,459","$2,427","$2,473","$2,510","$2,525","$2,524","$2,526","$2,547","$2,552","$2,551","$2,530","$2,536","$2,524","$2,524","$2,546","$2,569","$2,585","$2,600","$2,607","$2,595","$2,582","$2,577","$2,604","$2,637","$2,677","$2,707","$2,731"
Haight,268201,"$2,708","$2,798","$2,837","$2,847","$2,759","$2,697","$2,636","$2,574","$2,519","$2,483","$2,475","$2,499","$2,529","$2,579","$2,596","$2,601","$2,588","$2,563","$2,571","$2,577","$2,599","$2,610","$2,644","$2,652","$2,589","$2,559","$2,532","$2,542","$2,587","$2,639","$2,669","$2,678","$2,694","$2,708","$2,745","$2,783","$2,813","$2,833","$2,843","$2,856","$2,880","$2,892","$2,909","$2,953","$3,012","$3,067","$3,095","$3,149","$3,192","$3,245","$3,309","$3,349","$3,367","$3,361","$3,383","$3,410","$3,430","$3,471","$3,492","$3,511","$3,518","$3,517","$3,530","$3,552","$3,565","$3,557","$3,543","$3,527","$3,536","$3,527","$3,521","$3,487","$3,490","$3,482","$3,463","$3,442","$3,403","$3,364","$3,330","$3,315","$3,311","$3,315","$3,310","$3,301","$3,275","$3,278","$3,277","$3,287","$3,292","$3,292","$3,285","$3,261","$3,240","$3,239","$3,237","$3,230","$3,235","$3,239","$3,239","$3,240","$3,240","$3,223","$3,181","$3,156","$3,126","$3,091","$3,085","$3,092","$3,081"
Hayes Valley,268206,"$3,014","$2,989","$2,969","$2,957","$2,874","$2,804","$2,751","$2,706","$2,690","$2,695","$2,700","$2,761","$2,826","$2,859","$2,871","$2,889","$2,862","$2,893","$2,948","$2,981","$2,987","$2,985","$2,954","$2,923","$2,887","$2,886","$2,900","$2,954","$3,007","$3,064","$3,111","$3,113","$3,140","$3,196","$3,213","$3,237","$3,235","$3,270","$3,296","$3,347","$3,267","$3,227","$3,216","$3,262","$3,315","$3,360","$3,379","$3,410","$3,425","$3,432","$3,478","$3,526","$3,558","$3,559","$3,563","$3,574","$3,625","$3,653","$3,685","$3,713","$3,715","$3,730","$3,730","$3,723","$3,740","$3,743","$3,751","$3,760","$3,770","$3,755","$3,746","$3,739","$3,740","$3,725","$3,684","$3,642","$3,593","$3,571","$3,560","$3,553","$3,558","$3,557","$3,549","$3,543","$3,521","$3,509","$3,470","$3,447","$3,495","$3,525","$3,558","$3,598","$3,605","$3,581","$3,561","$3,561","$3,555","$3,566","$3,570","$3,587","$3,596","$3,589","$3,585","$3,597","$3,616","$3,628","$3,649","$3,670","$3,687"
Hunters Point,268218,0,0,0,0,"$2,945","$2,809","$2,646","$2,529","$2,425","$2,362","$2,278","$2,246","$2,237","$2,219","$2,213","$2,208","$2,222","$2,262","$2,282","$2,317","$2,330","$2,311","$2,258","$2,232","$2,178","$2,199","$2,227","$2,221","$2,217","$2,243","$2,266","$2,301","$2,307","$2,325","$2,328","$2,360","$2,383","$2,419","$2,432","$2,475","$2,537","$2,569","$2,547","$2,512","$2,524","$2,571","$2,665","$2,792","$2,920","$3,042","$3,125","$3,228","$3,304","$3,361","$3,312","$3,298","$3,277","$3,337","$3,405","$3,485","$3,576","$3,658","$3,637","$3,652","$3,658","$3,628","$3,624","$3,654","$3,632","$3,659","$3,670","$3,653","$3,619","$3,572","$3,543","$3,524","$3,490","$3,462","$3,465","$3,472","$3,495","$3,506","$3,503","$3,485","$3,498","$3,501","$3,498","$3,492","$3,474","$3,452","$3,485","$3,505","$3,456","$3,437","$3,434","$3,455","$3,457","$3,481","$3,522","$3,532","$3,537","$3,516","$3,479","$3,434","$3,399","$3,383","$3,430","$3,488","$3,495"
Ingleside,115774,"$2,829","$2,866","$2,916","$2,989","$2,866","$2,722","$2,599","$2,486","$2,403","$2,342","$2,300","$2,244","$2,267","$2,294","$2,311","$2,318","$2,330","$2,373","$2,427","$2,491","$2,525","$2,543","$2,521","$2,497","$2,460","$2,428","$2,403","$2,378","$2,382","$2,370","$2,306","$2,347","$2,411","$2,476","$2,505","$2,539","$2,620","$2,697","$2,722","$2,762","$2,780","$2,788","$2,808","$2,816","$2,826","$2,813","$2,846","$2,859","$2,969","$3,004","$3,039","$3,069","$3,105","$3,127","$3,170","$3,246","$3,327","$3,371","$3,398","$3,433","$3,441","$3,426","$3,431","$3,424","$3,428","$3,432","$3,440","$3,460","$3,451","$3,485","$3,517","$3,526","$3,512","$3,475","$3,442","$3,416","$3,377","$3,339","$3,285","$3,274","$3,312","$3,314","$3,321","$3,305","$3,284","$3,267","$3,276","$3,261","$3,256","$3,236","$3,221","$3,208","$3,206","$3,233","$3,291","$3,335","$3,353","$3,348","$3,332","$3,364","$3,379","$3,367","$3,340","$3,309","$3,273","$3,272","$3,284","$3,283","$3,290"
Ingleside Heights,417507,"$2,978","$3,001","$3,006","$3,022","$2,797","$2,629","$2,484","$2,356","$2,291","$2,230","$2,174","$2,130","$2,111","$2,095","$2,081","$2,077","$2,044","$2,015","$2,059","$2,084","$2,119","$2,134","$2,118",0,0,"$2,174","$2,192","$2,231","$2,234",0,"$2,271","$2,295","$2,310",0,0,0,"$2,445",0,0,"$2,448","$2,407","$2,387","$2,365","$2,314","$2,289","$2,268","$2,273","$2,332","$2,439","$2,522","$2,592","$2,636","$2,654","$2,671","$2,650","$2,676","$2,732","$2,768","$2,803","$2,823","$2,804","$2,801","$2,781","$2,752","$2,734","$2,797","$2,792","$2,787","$2,691","$2,654","$2,730","$2,784","$2,758","$2,698","$2,648","$2,637","$2,628","$2,622","$2,633","$2,643","$2,625","$2,621","$2,624","$2,657","$2,668","$2,674","$2,682","$2,667","$2,667","$2,650","$2,635","$2,638","$2,599","$2,592","$2,645","$2,666","$2,703","$2,696","$2,678","$2,655","$2,644","$2,664","$2,685","$2,695","$2,704","$2,722","$2,737","$2,754","$2,763"
Ingleside Terrace,417494,0,0,0,0,0,0,0,0,0,0,0,0,0,0,0,0,0,0,0,0,0,0,0,0,0,0,0,0,0,0,0,0,0,0,0,0,0,0,0,0,0,"$2,531","$2,567","$2,544","$2,543","$2,540","$2,558","$2,569","$2,628","$2,704","$2,770","$2,843","$2,893","$2,969","$3,064","$3,143","$3,157","$3,156","$3,157","$3,209","$3,260","$3,309","$3,309","$3,270","$3,251","$3,242","$3,216","$3,167","$3,108","$3,114","$3,098","$3,075","$3,105","$3,109","$3,120","$3,113","$3,083","$3,072","$3,058","$3,053","$3,071","$3,093","$3,098","$3,082","$3,021","$3,001","$3,020","$3,045","$3,086","$3,102","$3,134","$3,139","$3,135","$3,144","$3,126","$3,074","$3,029","$3,034","$3,077","$3,082","$3,084","$3,069","$3,050","$3,048","$3,060","$3,074","$3,072","$3,092","$3,358"
Inner Richmond,268219,"$2,939","$2,951","$2,953","$2,967","$2,880","$2,788","$2,725","$2,676","$2,668","$2,683","$2,680","$2,694","$2,712","$2,730","$2,726","$2,716","$2,713","$2,756","$2,828","$2,865","$2,878","$2,868","$2,849","$2,814","$2,768","$2,716","$2,669","$2,615","$2,584","$2,591","$2,591","$2,594","$2,654","$2,695","$2,717","$2,780","$2,847","$2,881","$2,904","$2,938","$3,002","$3,035","$3,047","$3,075","$3,106","$3,121","$3,157","$3,233","$3,335","$3,435","$3,511","$3,570","$3,588","$3,592","$3,589","$3,608","$3,640","$3,684","$3,706","$3,750","$3,767","$3,806","$3,856","$3,897","$3,916","$3,905","$3,884","$3,857","$3,827","$3,806","$3,769","$3,760","$3,754","$3,725","$3,670","$3,626","$3,572","$3,543","$3,510","$3,517","$3,541","$3,557","$3,533","$3,509","$3,480","$3,457","$3,436","$3,412","$3,415","$3,441","$3,480","$3,469","$3,460","$3,479","$3,466","$3,433","$3,414","$3,404","$3,390","$3,440","$3,466","$3,469","$3,471","$3,480","$3,486","$3,480","$3,479","$3,481","$3,495"
Inner Sunset,268220,"$2,956","$2,962","$2,990","$3,018","$2,944","$2,839","$2,749","$2,671","$2,639","$2,625","$2,629","$2,627","$2,640","$2,664","$2,682","$2,679","$2,684","$2,699","$2,753","$2,773","$2,797","$2,799","$2,824","$2,818","$2,800","$2,765","$2,722","$2,692","$2,683","$2,703","$2,723","$2,763","$2,802","$2,810","$2,790","$2,827","$2,883","$2,920","$2,940","$2,980","$3,036","$3,064","$3,067","$3,072","$3,075","$3,080","$3,110","$3,171","$3,284","$3,398","$3,535","$3,620","$3,643","$3,646","$3,627","$3,634","$3,662","$3,696","$3,692","$3,733","$3,756","$3,790","$3,818","$3,838","$3,831","$3,810","$3,771","$3,742","$3,720","$3,717","$3,709","$3,709","$3,706","$3,686","$3,650","$3,617","$3,575","$3,556","$3,529","$3,526","$3,546","$3,553","$3,532","$3,510","$3,479","$3,452","$3,428","$3,405","$3,414","$3,437","$3,466","$3,461","$3,454","$3,470","$3,470","$3,437","$3,408","$3,381","$3,370","$3,411","$3,432","$3,439","$3,442","$3,442","$3,448","$3,450","$3,456","$3,465","$3,482"
Lake,256657,"$2,954","$2,956","$2,962","$2,982","$2,903","$2,819","$2,756","$2,691","$2,708","$2,740","$2,777","$2,785","$2,773","$2,751","$2,723","$2,722","$2,720","$2,763","$2,849","$2,916","$2,961","$2,987","$2,979","$2,951","$2,897","$2,862","$2,822","$2,793","$2,703","$2,648","$2,618","$2,618","$2,674","$2,735","$2,789","$2,848","$2,911","$2,943","$2,974","$3,010","$3,064","$3,091","$3,091","$3,080","$3,094","$3,097","$3,139","$3,201","$3,317","$3,393","$3,471","$3,509","$3,554","$3,552","$3,564","$3,564","$3,577","$3,630","$3,650","$3,675","$3,692","$3,743","$3,777","$3,823","$3,833","$3,814","$3,802","$3,801","$3,793","$3,802","$3,795","$3,792","$3,786","$3,747","$3,695","$3,657","$3,612","$3,600","$3,581","$3,573","$3,585","$3,577","$3,543","$3,508","$3,465","$3,447","$3,430","$3,416","$3,456","$3,504","$3,537","$3,538","$3,532","$3,479","$3,446","$3,438","$3,425","$3,437","$3,428","$3,421","$3,417","$3,402","$3,385","$3,376","$3,384","$3,400","$3,416","$3,436","$3,448"
Lakeshore,274246,"$3,190","$3,216","$3,293","$3,361","$3,210","$3,031","$2,891","$2,780","$2,740","$2,722","$2,723","$2,711","$2,695","$2,689","$2,687","$2,668","$2,640","$2,640","$2,703","$2,788","$2,858","$2,922","$2,872","$2,819","$2,776","$2,769","$2,799","$2,867","$2,895","$2,960","$2,960","$2,951","$2,887","$2,743","$2,660","$2,745","$2,849","$2,885","$2,922","$2,988","$3,083","$3,132","$3,129","$3,055","$3,035","$3,034","$3,071","$3,134","$3,198","$3,248","$3,260","$3,296","$3,350","$3,399","$3,489","$3,580","$3,670","$3,752","$3,825","$3,918","$3,946","$3,959","$3,973","$3,959","$3,944","$3,964","$3,930","$3,917","$3,927","$3,936","$3,962","$3,919","$3,912","$3,844","$3,802","$3,727","$3,674","$3,616","$3,607","$3,616","$3,707","$3,772","$3,877","$3,924","$3,928","$3,929","$3,870","$3,826","$3,832","$3,816","$3,818","$3,777","$3,743","$3,736","$3,773","$3,857","$3,921","$3,957","$3,998","$3,993","$3,991","$4,003","$3,997","$3,986","$3,970","$3,967","$3,972","$4,002","$4,035"
Little Hollywood,417528,"$2,974","$2,982","$3,003","$3,021","$2,870","$2,732","$2,599","$2,466","$2,364","$2,292","$2,262","$2,330","$2,369","$2,424","$2,431","$2,426","$2,413","$2,441","$2,483",0,"$2,552",0,"$2,579","$2,584","$2,587","$2,596",0,0,"$2,636","$2,701","$2,730","$2,752","$2,760",0,0,0,0,"$2,785",0,"$2,840",0,"$2,868","$2,860","$2,811","$2,757","$2,767",0,"$2,888",0,"$3,014","$3,104","$3,202",0,"$3,283",0,"$3,343","$3,382","$3,432","$3,426",0,"$3,509","$3,489","$3,438","$3,392","$3,346","$3,348","$3,363","$3,417","$3,436","$3,493","$3,555","$3,606","$3,665","$3,613","$3,541","$3,511","$3,439","$3,422","$3,407","$3,352","$3,384","$3,427","$3,460","$3,464","$3,434","$3,406","$3,399","$3,364","$3,342","$3,319","$3,346","$3,388","$3,423","$3,455","$3,474","$3,483","$3,433","$3,459","$3,478","$3,500","$3,512","$3,493","$3,458","$3,412","$3,367","$3,360","$3,371","$3,422","$3,426"
Lone Mountain,227971,"$3,129","$3,109","$3,103","$3,113","$3,052","$2,982","$2,908","$2,867","$2,863","$2,875","$2,885","$2,922","$2,944","$2,972","$3,000","$3,009","$3,018","$3,040","$3,134","$3,173","$3,190","$3,170","$3,149","$3,123","$3,103","$3,071","$3,031","$2,994","$2,971","$2,994","$3,039","$3,075","$3,117","$3,159","$3,216","$3,263","$3,274","$3,280","$3,290","$3,326","$3,391","$3,424","$3,452","$3,494","$3,551","$3,604","$3,670","$3,735","$3,792","$3,847","$3,886","$3,938","$3,976","$3,998","$4,025","$4,043","$4,065","$4,090","$4,102","$4,157","$4,200","$4,240","$4,277","$4,281","$4,251","$4,211","$4,161","$4,145","$4,142","$4,138","$4,143","$4,140","$4,145","$4,118","$4,072","$4,016","$3,951","$3,907","$3,870","$3,850","$3,857","$3,862","$3,866","$3,864","$3,835","$3,790","$3,768","$3,744","$3,746","$3,768","$3,792","$3,781","$3,770","$3,790","$3,792","$3,779","$3,778","$3,765","$3,742","$3,785","$3,808","$3,802","$3,797","$3,774","$3,752","$3,726","$3,700","$3,700","$3,720"
Lower Pacific Heights,417501,"$3,080","$3,055","$3,038","$3,025","$2,886","$2,783","$2,698","$2,610","$2,551","$2,507","$2,491","$2,500","$2,579","$2,623","$2,625","$2,634","$2,640","$2,692","$2,739","$2,739","$2,741","$2,744","$2,740","$2,728","$2,705","$2,691","$2,674","$2,701","$2,734","$2,781","$2,792","$2,776","$2,799","$2,815","$2,838","$2,893","$2,937","$2,967","$2,993","$3,038","$3,050","$3,057","$3,070","$3,129","$3,183","$3,264","$3,333","$3,388","$3,436","$3,490","$3,550","$3,555","$3,553","$3,532","$3,570","$3,605","$3,646","$3,665","$3,705","$3,761","$3,788","$3,806","$3,826","$3,839","$3,840","$3,823","$3,789","$3,772","$3,804","$3,826","$3,823","$3,811","$3,817","$3,805","$3,754","$3,726","$3,662","$3,628","$3,583","$3,595","$3,594","$3,578","$3,579","$3,584","$3,584","$3,584","$3,547","$3,540","$3,543","$3,557","$3,586","$3,594","$3,605","$3,601","$3,585","$3,557","$3,544","$3,579","$3,589","$3,617","$3,632","$3,629","$3,619","$3,611","$3,608","$3,603","$3,607","$3,613","$3,627"
Marina,274422,"$2,855","$2,865","$2,869","$2,869","$2,822","$2,764","$2,721","$2,677","$2,637","$2,613","$2,614","$2,618","$2,654","$2,687","$2,714","$2,732","$2,755","$2,791","$2,865","$2,900","$2,898","$2,923","$2,911","$2,879","$2,863","$2,820","$2,777","$2,783","$2,829","$2,877","$2,922","$2,946","$3,016","$3,110","$3,191","$3,246","$3,246","$3,241","$3,234","$3,237","$3,235","$3,234","$3,230","$3,248","$3,300","$3,343","$3,412","$3,468","$3,509","$3,529","$3,549","$3,555","$3,569","$3,568","$3,595","$3,633","$3,689","$3,733","$3,768","$3,819","$3,838","$3,859","$3,868","$3,850","$3,819","$3,803","$3,802","$3,808","$3,818","$3,832","$3,848","$3,861","$3,879","$3,861","$3,809","$3,749","$3,693","$3,664","$3,634","$3,612","$3,598","$3,584","$3,583","$3,583","$3,596","$3,603","$3,573","$3,556","$3,561","$3,567","$3,567","$3,576","$3,577","$3,583","$3,591","$3,607","$3,623","$3,639","$3,646","$3,665","$3,675","$3,667","$3,655","$3,644","$3,636","$3,626","$3,618","$3,617","$3,622"
Merced Manor,417504,0,"$3,158","$3,279","$3,340","$3,212","$3,044","$2,883","$2,751","$2,670","$2,609","$2,552","$2,520","$2,512","$2,486","$2,441","$2,425","$2,395","$2,354","$2,356","$2,386","$2,419","$2,489","$2,544","$2,602","$2,600","$2,521","$2,521","$2,481","$2,515","$2,512","$2,507","$2,542","$2,571","$2,590","$2,633","$2,662","$2,689","$2,703","$2,691","$2,694","$2,726","$2,742","$2,821","$2,867",0,0,0,"$2,932","$2,988",0,"$3,058","$3,110","$3,184","$3,247",0,0,0,0,0,0,0,"$3,416","$3,509","$3,579","$3,627","$3,633","$3,592","$3,532","$3,482","$3,449","$3,413","$3,421","$3,419","$3,415","$3,422","$3,420",0,0,0,"$3,322","$3,309",0,0,0,0,0,0,0,0,0,0,0,0,"$3,347","$3,364","$3,340","$3,322","$3,309","$3,327","$3,337",0,0,0,0,0,0,0,0,"$3,342"
Midtown Terrace,417498,"$3,303","$3,291","$3,314","$3,340","$3,245","$3,165","$3,073","$2,957","$2,925","$2,920","$2,913","$2,884",0,"$2,931","$3,045","$3,116","$3,224","$3,237","$3,259","$3,194","$3,133","$3,131","$3,167","$3,180","$3,203","$3,197","$3,202",0,"$3,205","$3,216","$3,331","$3,412","$3,543","$3,675","$3,854","$3,977","$3,997","$3,963","$3,872","$3,802","$3,771","$3,755","$3,724","$3,709","$3,713","$3,751","$3,823","$3,917","$3,976","$4,069","$4,117","$4,181","$4,246","$4,328","$4,392","$4,423","$4,457","$4,526","$4,582","$4,652","$4,753","$4,798","$4,812","$4,771","$4,764","$4,718","$4,688","$4,668","$4,671","$4,663","$4,680","$4,708","$4,743","$4,727","$4,681",0,"$4,581","$4,508",0,"$4,444","$4,416","$4,410","$4,383","$4,361","$4,349","$4,341","$4,348","$4,366","$4,381","$4,336","$4,312","$4,294","$4,325","$4,375","$4,397","$4,422","$4,445","$4,445","$4,446","$4,444","$4,443",0,"$4,443","$4,430","$4,427","$4,440","$4,462","$4,470","$4,465"
Miraloma Park,268303,"$2,933","$2,967","$2,988","$2,986","$2,888","$2,783","$2,692","$2,609","$2,603","$2,619","$2,615","$2,625","$2,663","$2,655","$2,625","$2,591","$2,604","$2,630","$2,702","$2,759",0,"$2,782","$2,775","$2,802","$2,782","$2,802","$2,822","$2,833","$2,816","$2,840","$2,858","$2,859","$2,848","$2,939","$3,061","$3,174","$3,247","$3,355","$3,425","$3,393","$3,364","$3,350","$3,342","$3,392","$3,422","$3,443","$3,480","$3,554","$3,646","$3,729","$3,781","$3,830","$3,882","$3,920","$3,993","$4,050","$4,092","$4,128","$4,189","$4,226","$4,258","$4,270","$4,263","$4,218","$4,188","$4,136","$4,109","$4,101","$4,115","$4,107","$4,130","$4,117","$4,104","$4,064","$4,043","$4,024","$3,990","$3,962","$3,916","$3,880","$3,898","$3,902","$3,921","$3,942","$3,994","$4,025","$4,014","$3,979","$3,970","$3,932","$3,948","$3,967","$4,027","$4,043","$4,053","$4,058","$4,061","$4,067","$4,075","$4,072","$4,071","$4,100","$4,076","$4,086","$4,057","$4,054","$4,056","$4,065","$4,072"
Mission,274552,"$2,709","$2,716","$2,768","$2,812","$2,757","$2,690","$2,623","$2,556","$2,526","$2,503","$2,510","$2,523","$2,542","$2,555","$2,565","$2,562","$2,558","$2,566","$2,619","$2,675","$2,728","$2,754","$2,757","$2,734","$2,698","$2,675","$2,671","$2,689","$2,721","$2,768","$2,815","$2,868","$2,914","$2,977","$3,014","$3,037","$3,061","$3,092","$3,137","$3,176","$3,236","$3,266","$3,287","$3,327","$3,376","$3,414","$3,428","$3,445","$3,460","$3,480","$3,525","$3,564","$3,611","$3,640","$3,658","$3,676","$3,704","$3,732","$3,762","$3,808","$3,831","$3,843","$3,859","$3,858","$3,863","$3,872","$3,871","$3,870","$3,871","$3,859","$3,852","$3,837","$3,836","$3,817","$3,783","$3,745","$3,690","$3,656","$3,631","$3,621","$3,628","$3,626","$3,622","$3,611","$3,591","$3,578","$3,569","$3,562","$3,584","$3,606","$3,629","$3,647","$3,655","$3,659","$3,639","$3,607","$3,588","$3,582","$3,574","$3,609","$3,627","$3,632","$3,632","$3,635","$3,650","$3,672","$3,702","$3,740","$3,782"
Mission Bay,268305,"$2,669","$2,762",0,"$2,959",0,0,0,0,0,"$2,789","$2,754","$2,772",0,0,"$2,785","$2,785","$2,764","$2,761","$2,600","$2,563","$2,619","$2,641","$2,646","$2,666","$2,665","$2,618","$2,601","$2,630","$2,676","$2,776","$2,850","$2,980","$3,080","$3,195","$3,302","$3,393","$3,433","$3,455","$3,479","$3,465","$3,423","$3,403","$3,387","$3,373","$3,377","$3,372","$3,369","$3,369","$3,327","$3,325","$3,391","$3,468","$3,609","$3,694","$3,739","$3,812","$3,824","$3,842","$3,856","$3,906","$3,890","$3,841","$3,823","$3,835","$3,830","$3,863","$3,860","$3,867","$3,904","$3,913","$3,915","$3,909","$3,895","$3,878","$3,823","$3,769","$3,731","$3,680","$3,632","$3,553","$3,565","$3,570","$3,635","$3,684","$3,697","$3,699","$3,667","$3,630","$3,611","$3,618","$3,666","$3,705","$3,741","$3,785","$3,830","$3,848","$3,870","$3,885","$3,861","$3,830","$3,815","$3,818","$3,812","$3,799","$3,803","$3,825","$3,847","$3,880","$3,897"
Mission Terrace,417496,0,"$3,119","$3,117","$3,087","$2,904","$2,767","$2,667","$2,579","$2,521","$2,460","$2,453","$2,431","$2,427","$2,466","$2,479","$2,497","$2,534","$2,569","$2,542","$2,508","$2,464","$2,425","$2,396","$2,396","$2,356","$2,379","$2,423","$2,427","$2,433","$2,498","$2,566","$2,610","$2,624","$2,643","$2,645","$2,680","$2,732","$2,787","$2,766","$2,820","$2,862","$2,883","$2,918","$2,942","$2,947","$2,979","$3,026","$3,082","$3,202","$3,234","$3,256","$3,263","$3,316","$3,339","$3,355","$3,387","$3,440","$3,479","$3,574","$3,681","$3,779","$3,867","$3,902","$3,915","$3,889","$3,874","$3,829","$3,802","$3,760","$3,770","$3,763","$3,725","$3,698","$3,614","$3,551","$3,467","$3,408","$3,400","$3,446","$3,492","$3,517","$3,526","$3,523","$3,494","$3,445","$3,411","$3,410","$3,396","$3,431","$3,430","$3,410","$3,456","$3,435","$3,349","$3,307","$3,313","$3,318","$3,310","$3,298","$3,266","$3,250","$3,229","$3,214","$3,212","$3,216","$3,202","$3,183","$3,156","$3,157"
Monterey Heights,417512,0,0,0,0,0,0,0,0,0,0,0,0,0,0,0,0,0,0,0,0,0,0,0,0,0,0,0,0,0,0,0,0,0,0,0,0,0,0,0,0,0,0,0,0,0,0,0,0,0,0,0,0,0,0,0,0,0,0,0,0,0,0,0,0,0,0,0,0,0,0,0,0,0,0,0,0,0,0,0,0,0,0,0,0,0,0,0,0,0,0,0,0,0,0,0,0,0,0,0,0,"$5,521","$5,456","$5,404","$5,363","$5,327","$5,300","$5,294","$5,260","$5,230"
Mount Davidson Manor,417509,0,"$2,987","$3,052","$3,195","$3,100","$2,932","$2,788","$2,660","$2,616","$2,605","$2,603","$2,615","$2,620","$2,641","$2,651","$2,669","$2,695","$2,707","$2,696","$2,682","$2,674","$2,667","$2,648","$2,623","$2,625","$2,608","$2,582","$2,594","$2,618","$2,677","$2,755","$2,803","$2,816","$2,850","$2,894","$2,936","$2,964","$2,985","$2,985","$3,021","$3,070",0,0,0,0,0,0,0,0,0,0,0,0,0,0,0,0,0,0,0,0,0,0,0,0,0,0,0,0,0,0,0,0,0,0,0,0,0,0,0,0,0,0,0,0,0,0,0,0,0,0,0,0,0,0,0,0,0,0,0,0,0,0,0,0,0,0,0,0
Nob Hill,268337,"$2,747","$2,798","$2,817","$2,836","$2,754","$2,705","$2,681","$2,642","$2,622","$2,626","$2,629","$2,631","$2,621","$2,594","$2,593","$2,607","$2,628","$2,648","$2,671","$2,702","$2,740","$2,778","$2,805","$2,809","$2,789","$2,745","$2,712","$2,740","$2,810","$2,883","$2,937","$2,977","$3,006","$3,037","$3,058","$3,092","$3,108","$3,128","$3,156","$3,178","$3,201","$3,212","$3,233","$3,243","$3,281","$3,311","$3,349","$3,380","$3,409","$3,412","$3,431","$3,437","$3,466","$3,473","$3,503","$3,534","$3,576","$3,616","$3,653","$3,703","$3,717","$3,716","$3,719","$3,708","$3,707","$3,699","$3,709","$3,719","$3,757","$3,790","$3,820","$3,815","$3,803","$3,764","$3,715","$3,664","$3,620","$3,596","$3,581","$3,574","$3,573","$3,553","$3,532","$3,515","$3,501","$3,485","$3,475","$3,469","$3,494","$3,514","$3,519","$3,512","$3,501","$3,476","$3,455","$3,460","$3,474","$3,490","$3,500","$3,527","$3,541","$3,530","$3,518","$3,507","$3,498","$3,495","$3,503","$3,523","$3,550"
Noe Valley,268338,"$3,030","$3,020","$3,033","$3,050","$2,986","$2,907","$2,818","$2,760","$2,727","$2,738","$2,769","$2,833","$2,864","$2,870","$2,872","$2,878","$2,875","$2,894","$2,932","$2,945","$2,972","$2,997","$3,010","$2,999","$2,979","$2,954","$2,932","$2,941","$2,964","$3,007","$3,061","$3,120","$3,183","$3,257","$3,282","$3,307","$3,335","$3,380","$3,408","$3,424","$3,435","$3,441","$3,470","$3,518","$3,580","$3,638","$3,690","$3,748","$3,795","$3,830","$3,859","$3,860","$3,870","$3,883","$3,900","$3,918","$3,938","$3,971","$4,003","$4,081","$4,125","$4,150","$4,171","$4,171","$4,167","$4,167","$4,140","$4,119","$4,108","$4,092","$4,074","$4,061","$4,057","$4,044","$4,017","$3,966","$3,906","$3,865","$3,832","$3,824","$3,820","$3,808","$3,807","$3,813","$3,814","$3,800","$3,775","$3,755","$3,785","$3,815","$3,846","$3,870","$3,864","$3,859","$3,849","$3,832","$3,824","$3,839","$3,850","$3,876","$3,890","$3,892","$3,888","$3,880","$3,880","$3,875","$3,879","$3,896","$3,917"
North Beach,116918,"$2,865","$2,903","$2,928","$2,965","$2,979","$2,957","$2,949","$2,925","$2,902","$2,890","$2,889","$2,914","$2,957","$3,022","$3,065","$3,081","$3,085","$3,092","$3,092","$3,099","$3,075","$3,064","$3,065","$3,038","$3,011","$3,000","$2,997","$3,049","$3,122","$3,192","$3,232","$3,258","$3,302","$3,370","$3,396","$3,447","$3,446","$3,475","$3,491","$3,495","$3,511","$3,519","$3,537","$3,547","$3,584","$3,621","$3,683","$3,729","$3,782","$3,782","$3,760","$3,748","$3,769","$3,812","$3,852","$3,883","$3,891","$3,893","$3,934","$4,010","$4,064","$4,094","$4,116","$4,109","$4,115","$4,121","$4,115","$4,138","$4,139","$4,136","$4,152","$4,139","$4,119","$4,058","$4,011","$3,963","$3,908","$3,882","$3,828","$3,792","$3,775","$3,752","$3,735","$3,726","$3,727","$3,733","$3,730","$3,709","$3,749","$3,769","$3,782","$3,810","$3,827","$3,850","$3,837","$3,862","$3,871","$3,875","$3,834","$3,864","$3,879","$3,861","$3,858","$3,871","$3,876","$3,870","$3,879","$3,908","$3,937"
North Waterfront,417492,0,0,0,0,0,0,0,0,0,0,0,0,0,0,0,0,0,0,0,0,0,0,0,0,0,0,0,0,0,0,0,0,0,0,0,0,0,0,0,0,0,0,0,0,0,0,0,0,0,0,0,0,0,0,0,0,0,0,0,0,0,0,0,0,0,0,0,0,0,0,0,0,0,0,0,0,0,0,0,0,0,0,0,0,0,0,0,0,0,0,0,0,0,0,0,0,0,0,0,0,0,0,"$3,896","$3,960","$3,992","$3,974","$4,029","$4,101",0
Oceanview,274872,0,0,0,0,0,0,0,0,0,0,0,0,0,"$2,592",0,0,0,0,"$2,529",0,"$2,614","$2,631",0,"$2,568",0,0,0,0,0,"$2,553",0,0,0,0,"$2,640",0,"$2,777",0,"$2,844","$2,891","$2,906","$2,914","$2,909","$2,888","$2,853","$2,873","$2,881","$2,874","$2,954","$3,005","$3,065","$3,125","$3,225","$3,291","$3,353","$3,425","$3,497","$3,585","$3,647","$3,736","$3,825","$3,896","$3,930","$3,917","$3,895","$3,881","$3,864","$3,846","$3,820","$3,760","$3,771","$3,795","$3,782","$3,721","$3,681","$3,614","$3,558","$3,498","$3,492","$3,507","$3,547","$3,578","$3,580","$3,537","$3,494","$3,472","$3,456","$3,433","$3,420","$3,420","$3,426","$3,437","$3,452","$3,447","$3,443","$3,376","$3,381","$3,330","$3,268","$3,322","$3,350","$3,361","$3,355","$3,344","$3,347","$3,345","$3,339","$3,334","$3,381"
Outer Mission,268382,"$3,080","$3,085","$3,107","$3,131","$2,999","$2,872","$2,730","$2,629","$2,569","$2,564","$2,549","$2,535","$2,509","$2,516","$2,529","$2,558","$2,555","$2,577","$2,571","$2,546","$2,541","$2,528","$2,497","$2,507","$2,508","$2,493","$2,462","$2,536","$2,600","$2,652","$2,709","$2,654","$2,586","$2,615","$2,633","$2,712","$2,799","$2,848","$2,906","$2,909","$2,875","$2,859","$2,876","$2,857","$2,826","$2,795","$2,811","$2,854","$2,943","$2,999","$3,060","$3,117","$3,139","$3,168","$3,192","$3,274","$3,374","$3,412","$3,475","$3,554","$3,628","$3,596","$3,592","$3,573","$3,510","$3,461","$3,393","$3,404","$3,392","$3,425","$3,470","$3,507","$3,538","$3,501","$3,393","$3,346","$3,272","$3,224","$3,242","$3,289","$3,338","$3,368","$3,404","$3,364","$3,285","$3,235","$3,246","$3,243","$3,232","$3,230","$3,242","$3,266","$3,283","$3,250","$3,263","$3,291","$3,297","$3,245","$3,213","$3,210","$3,209","$3,172","$3,096","$3,004","$2,946","$2,923","$2,914","$2,921","$2,917"
Outer Richmond,268383,"$2,957","$2,961","$2,960","$2,967","$2,881","$2,780","$2,702","$2,655","$2,644","$2,649","$2,653","$2,658","$2,664","$2,680","$2,701","$2,699","$2,684","$2,680","$2,721","$2,747","$2,767","$2,776","$2,803","$2,797","$2,783","$2,765","$2,678","$2,621","$2,579","$2,592","$2,586","$2,626","$2,677","$2,729","$2,772","$2,830","$2,861","$2,883","$2,874","$2,884","$2,922","$2,942","$2,958","$2,980","$2,994","$3,008","$3,031","$3,103","$3,218","$3,321","$3,416","$3,481","$3,494","$3,493","$3,486","$3,500","$3,544","$3,605","$3,638","$3,683","$3,705","$3,731","$3,747","$3,756","$3,753","$3,746","$3,727","$3,725","$3,712","$3,707","$3,694","$3,691","$3,671","$3,634","$3,589","$3,554","$3,508","$3,488","$3,468","$3,478","$3,504","$3,511","$3,491","$3,459","$3,418","$3,388","$3,382","$3,379","$3,403","$3,427","$3,458","$3,464","$3,450","$3,450","$3,416","$3,358","$3,312","$3,289","$3,284","$3,332","$3,356","$3,359","$3,357","$3,372","$3,400","$3,413","$3,426","$3,425","$3,438"
Outer Sunset,268384,"$2,920","$3,027","$3,086","$3,130","$3,032","$2,920","$2,816","$2,725","$2,682","$2,655","$2,650","$2,630","$2,656","$2,696","$2,742","$2,758","$2,754","$2,755","$2,776","$2,805","$2,828","$2,838","$2,887","$2,894","$2,888","$2,864","$2,745","$2,678","$2,641","$2,706","$2,746","$2,821","$2,904","$2,945","$2,927","$2,976","$3,013","$3,020","$2,981","$2,996","$3,016","$3,026","$3,034","$3,040","$3,040","$3,038","$3,071","$3,138","$3,240","$3,349","$3,463","$3,553","$3,569","$3,565","$3,552","$3,560","$3,605","$3,659","$3,697","$3,769","$3,805","$3,831","$3,835","$3,833","$3,840","$3,845","$3,815","$3,813","$3,814","$3,803","$3,788","$3,802","$3,798","$3,769","$3,719","$3,675","$3,626","$3,603","$3,573","$3,560","$3,565","$3,579","$3,566","$3,538","$3,503","$3,471","$3,465","$3,456","$3,489","$3,530","$3,554","$3,564","$3,561","$3,533","$3,477","$3,408","$3,360","$3,338","$3,359","$3,414","$3,442","$3,426","$3,405","$3,396","$3,396","$3,393","$3,390","$3,382","$3,387"
Pacific Heights,268385,"$2,952","$2,971","$2,984","$3,002","$2,994","$2,978","$2,968","$2,943","$2,918","$2,912","$2,916","$2,964","$3,000","$3,022","$3,039","$3,070","$3,074","$3,087","$3,118","$3,129","$3,132","$3,158","$3,194","$3,191","$3,143","$3,092","$3,061","$3,092","$3,145","$3,193","$3,215","$3,257","$3,312","$3,379","$3,414","$3,449","$3,453","$3,465","$3,485","$3,519","$3,544","$3,557","$3,574","$3,605","$3,657","$3,702","$3,754","$3,803","$3,832","$3,852","$3,874","$3,886","$3,904","$3,917","$3,955","$4,006","$4,059","$4,100","$4,135","$4,180","$4,209","$4,226","$4,226","$4,213","$4,185","$4,172","$4,163","$4,160","$4,172","$4,175","$4,174","$4,166","$4,156","$4,134","$4,102","$4,058","$4,016","$3,993","$3,983","$3,974","$3,968","$3,956","$3,945","$3,945","$3,941","$3,935","$3,919","$3,903","$3,906","$3,904","$3,909","$3,918","$3,920","$3,925","$3,931","$3,929","$3,937","$3,950","$3,956","$3,981","$3,994","$3,989","$3,977","$3,966","$3,958","$3,949","$3,954","$3,973","$3,988"
Parkside,268396,"$2,878","$2,831","$2,842","$2,881","$2,772","$2,633","$2,522","$2,437","$2,412","$2,410","$2,423","$2,444","$2,455","$2,465","$2,481","$2,495","$2,494","$2,484","$2,482","$2,500","$2,520","$2,530","$2,511","$2,492","$2,531","$2,525","$2,527","$2,498","$2,476","$2,478","$2,480","$2,533","$2,634","$2,667","$2,710","$2,745","$2,755","$2,766","$2,760","$2,748","$2,770","$2,781","$2,796","$2,834","$2,849","$2,872","$2,896","$2,882","$2,978","$3,052","$3,158","$3,246","$3,341","$3,397","$3,453","$3,481","$3,522","$3,593","$3,617","$3,714","$3,755","$3,787","$3,774","$3,762","$3,743","$3,738","$3,751","$3,749","$3,709","$3,659","$3,605","$3,592","$3,574","$3,557","$3,523","$3,498","$3,450","$3,418","$3,405","$3,412","$3,430","$3,458","$3,422","$3,387","$3,354","$3,325","$3,323","$3,309","$3,304","$3,317","$3,374","$3,349","$3,312","$3,264","$3,180","$3,112","$3,072","$3,027","$3,012","$3,057","$3,080","$3,097","$3,108","$3,130","$3,154","$3,173","$3,141","$3,161","$3,192"
Portola,117447,0,"$3,035","$3,066","$3,073","$2,939","$2,793","$2,650","$2,547","$2,509","$2,500","$2,478","$2,470","$2,478","$2,462","$2,450","$2,445","$2,420","$2,412","$2,406","$2,441","$2,469","$2,485","$2,483","$2,455","$2,406","$2,344","$2,340","$2,375","$2,403","$2,465","$2,535","$2,564","$2,568","$2,570","$2,562","$2,577","$2,588","$2,630","$2,611","$2,626","$2,628","$2,629","$2,572","$2,570","$2,557","$2,560","$2,636","$2,761","$2,863","$2,948","$3,016","$3,079","$3,143","$3,191","$3,164","$3,167","$3,157","$3,173","$3,231","$3,294","$3,371","$3,445","$3,470","$3,430","$3,379","$3,335","$3,321","$3,334","$3,307","$3,319","$3,307","$3,278","$3,264","$3,232","$3,216","$3,199","$3,162","$3,158","$3,164","$3,192","$3,217","$3,226","$3,186","$3,151","$3,138","$3,139","$3,160","$3,170","$3,180","$3,197","$3,198","$3,198","$3,202","$3,219","$3,241","$3,266","$3,254","$3,247","$3,257","$3,222","$3,206","$3,186","$3,174","$3,160","$3,156","$3,166","$3,197","$3,253","$3,292"
Potrero Hill,268414,"$2,936","$3,027","$3,102","$3,135","$3,086","$3,033","$2,979","$2,940","$2,913","$2,902","$2,897","$2,928","$2,977","$3,003","$3,024","$3,023","$3,007","$3,010","$3,048","$3,089","$3,139","$3,167","$3,165","$3,152","$3,126","$3,078","$3,039","$3,059","$3,129","$3,210","$3,319","$3,414","$3,511","$3,596","$3,648","$3,676","$3,707","$3,727","$3,731","$3,682","$3,674","$3,671","$3,685","$3,732","$3,787","$3,824","$3,850","$3,879","$3,917","$3,964","$3,999","$4,058","$4,100","$4,117","$4,140","$4,160","$4,177","$4,204","$4,225","$4,267","$4,289","$4,303","$4,318","$4,313","$4,291","$4,288","$4,269","$4,267","$4,261","$4,254","$4,252","$4,229","$4,196","$4,156","$4,110","$4,063","$4,010","$3,980","$3,954","$3,951","$3,954","$3,967","$3,955","$3,925","$3,899","$3,882","$3,865","$3,852","$3,880","$3,903","$3,922","$3,951","$3,954","$3,965","$3,957","$3,948","$3,948","$3,954","$3,960","$3,996","$4,014","$4,002","$3,985","$3,985","$3,991","$4,006","$4,023","$4,044","$4,061"
Presidio,35760,"$3,111","$3,111","$3,087","$3,061","$2,760","$2,499",0,0,0,"$1,976","$1,953","$1,978","$2,078","$2,137","$2,213","$2,285","$2,293","$2,246","$2,264","$2,337","$2,414","$2,430","$2,406","$2,403","$2,385","$2,349","$2,363","$2,326","$2,308","$2,270","$2,277","$2,306","$2,290","$2,337","$2,328","$2,211","$2,110","$1,980","$1,880","$1,966","$2,099","$2,170","$2,233","$2,261","$2,336","$2,395","$2,435","$2,481","$2,472","$2,509","$2,573","$2,661","$2,665","$2,726","$2,701","$2,679","$2,647","$2,683","$2,624","$2,612","$2,692","$2,818","$2,834","$2,789","$2,753","$2,750","$2,733","$2,723","$2,737","$2,789","$2,845","$2,942","$2,983","$2,996","$2,991","$2,979","$2,903","$2,812","$2,711","$2,652","$2,626","$2,605","$2,586","$2,580","$2,545","$2,597","$2,595","$2,577","$2,575","$2,638","$2,776","$2,798","$2,796","$2,725","$2,647","$2,601","$2,591","$2,558","$2,541","$2,598","$2,627","$2,741","$2,781","$2,879","$2,961","$3,035","$3,065","$3,144","$3,111"
Presidio Heights,268419,"$3,010","$3,069","$3,175","$3,250","$3,281","$3,261","$3,231","$3,214","$3,215","$3,252","$3,268","$3,325","$3,367","$3,382","$3,387","$3,392","$3,413","$3,440","$3,477","$3,509","$3,522","$3,541","$3,578","$3,598","$3,603","$3,601","$3,599","$3,609","$3,646","$3,659","$3,639","$3,600","$3,602","$3,641","$3,680","$3,684","$3,725","$3,769","$3,829","$3,887","$3,907","$3,916","$3,953","$4,000","$4,050","$4,083","$4,144","$4,200","$4,248","$4,286","$4,325","$4,375","$4,440","$4,465","$4,480","$4,501","$4,523","$4,572","$4,603","$4,665","$4,697","$4,734","$4,747","$4,758","$4,763","$4,752","$4,727","$4,695","$4,666","$4,640","$4,630","$4,618","$4,633","$4,626","$4,572","$4,518","$4,472","$4,438","$4,388","$4,324","$4,305","$4,298","$4,276","$4,272","$4,287","$4,294","$4,292","$4,288","$4,287","$4,286","$4,286","$4,258","$4,213","$4,173","$4,168","$4,179","$4,182","$4,218","$4,267","$4,280","$4,287","$4,271","$4,254","$4,249","$4,233","$4,213","$4,219","$4,250","$4,255"
Russian Hill,268450,"$3,077","$3,107","$3,135","$3,165","$3,181","$3,166","$3,139","$3,108","$3,076","$3,068","$3,080","$3,121","$3,133","$3,120","$3,129","$3,135","$3,124","$3,151","$3,206","$3,246","$3,287","$3,325","$3,346","$3,340","$3,289","$3,251","$3,228","$3,280","$3,375","$3,406","$3,436","$3,451","$3,477","$3,516","$3,570","$3,644","$3,702","$3,749","$3,804","$3,852","$3,885","$3,902","$3,894","$3,891","$3,909","$3,931","$3,982","$4,035","$4,069","$4,083","$4,100","$4,126","$4,167","$4,216","$4,265","$4,308","$4,317","$4,326","$4,367","$4,427","$4,485","$4,503","$4,519","$4,512","$4,501","$4,497","$4,481","$4,472","$4,464","$4,459","$4,465","$4,455","$4,439","$4,392","$4,340","$4,291","$4,246","$4,222","$4,182","$4,154","$4,146","$4,129","$4,130","$4,129","$4,139","$4,124","$4,121","$4,109","$4,117","$4,112","$4,123","$4,131","$4,136","$4,156","$4,149","$4,152","$4,148","$4,161","$4,155","$4,181","$4,194","$4,190","$4,197","$4,212","$4,231","$4,221","$4,215","$4,225","$4,233"
Seacliff,268462,"$3,331","$3,378","$3,419","$3,455","$3,457","$3,420","$3,356","$3,313","$3,286","$3,292","$3,285","$3,253","$3,201","$3,159","$3,103","$3,090","$3,079","$3,066","$3,039","$3,038","$3,026","$3,073","$3,137","$3,177","$3,230","$3,248","$3,182","$3,157","$3,169","$3,159","$3,194","$3,188","$3,232","$3,304","$3,420","$3,401","$3,387","$3,389","$3,426","$3,518","$3,593","$3,631","$3,644","$3,704","$3,757","$3,808","$3,853","$3,895","$3,955","$3,987","$4,011","$4,025","$4,004","$3,997","$3,969","$4,009","$4,004","$4,058","$4,125","$4,241","$4,284","$4,308","$4,293","$4,302","$4,291","$4,284","$4,303","$4,306","$4,326","$4,324","$4,323","$4,269","$4,234","$4,208","$4,187","$4,153","$4,109","$4,085","$4,098","$4,096","$4,133","$4,139","$4,109","$4,063","$3,986","$3,945","$3,884","$3,899","$3,911","$3,983","$3,966","$4,013","$4,011","$4,036","$4,086","$4,120","$4,131","$4,101","$4,089","$4,089","$4,088","$4,041","$3,991","$3,963","$3,971","$3,942","$3,855","$3,809","$3,783"
Sherwood Forest,223174,0,0,0,0,0,0,0,0,0,0,0,0,0,0,0,0,0,0,0,0,0,0,0,0,0,0,0,0,0,0,0,0,0,0,0,0,0,0,0,0,0,0,0,0,0,"$3,112",0,0,0,"$3,398","$3,449",0,"$3,552","$3,638","$3,684","$3,773","$3,873",0,"$4,033","$4,249","$4,300","$4,437",0,0,0,0,"$4,511",0,0,"$4,336","$4,220","$4,191","$4,170","$4,107","$4,023",0,0,0,"$3,887",0,0,0,0,0,0,0,0,0,0,"$3,798","$3,851","$3,884",0,"$3,667","$3,457",0,"$3,256","$3,124","$3,054","$3,129","$3,167",0,0,0,0,0,0,0,0
Silver Terrace,417527,"$3,296","$3,284","$3,283","$3,295","$3,134","$2,971","$2,826","$2,708","$2,630","$2,597","$2,554","$2,544","$2,565","$2,550","$2,526","$2,495","$2,486","$2,508","$2,524","$2,563","$2,572","$2,587","$2,578","$2,573","$2,535","$2,521","$2,513","$2,520","$2,540","$2,585","$2,613","$2,635","$2,632","$2,614","$2,589","$2,569","$2,587","$2,628","$2,673","$2,700","$2,725","$2,737","$2,718","$2,761","$2,789","$2,841","$2,918","$2,993","$3,103","$3,140","$3,180","$3,275","$3,382","$3,419","$3,441","$3,461","$3,475","$3,521","$3,553","$3,586","$3,631","$3,711","$3,743","$3,758","$3,716","$3,661","$3,636","$3,656","$3,697","$3,705","$3,698","$3,648","$3,568","$3,523","$3,488","$3,452","$3,395","$3,366","$3,360","$3,359","$3,370","$3,387","$3,385","$3,347","$3,319","$3,314","$3,321","$3,334","$3,336","$3,344","$3,377","$3,394","$3,422","$3,440","$3,447","$3,421","$3,385","$3,371","$3,390","$3,432","$3,453","$3,441","$3,418","$3,388","$3,402","$3,439","$3,465","$3,517","$3,562"
South Beach,207518,"$3,037","$3,041","$3,034","$3,020","$2,908","$2,831","$2,722","$2,630","$2,486","$2,383","$2,355","$2,469","$2,521","$2,435","$2,509","$2,542","$2,581","$2,637","$2,681","$2,750","$2,832","$2,886","$2,914","$2,949","$2,955","$2,879","$2,837","$2,848","$2,917","$2,967","$3,025","$3,131","$3,215","$3,301","$3,376","$3,435","$3,445","$3,427","$3,412","$3,372","$3,351","$3,341","$3,331","$3,364","$3,389","$3,404","$3,426","$3,456","$3,523","$3,586","$3,658","$3,716","$3,758","$3,769","$3,771","$3,782","$3,777","$3,794","$3,794","$3,802","$3,822","$3,838","$3,823","$3,781","$3,766","$3,771","$3,775","$3,768","$3,757","$3,750","$3,724","$3,686","$3,671","$3,653","$3,646","$3,646","$3,623","$3,599","$3,587","$3,547","$3,564","$3,570","$3,538","$3,507","$3,502","$3,503","$3,564","$3,624","$3,675","$3,666","$3,618","$3,589","$3,600","$3,591","$3,633","$3,636","$3,637","$3,704","$3,725","$3,717","$3,713","$3,707","$3,712","$3,715","$3,725","$3,732","$3,749","$3,791","$3,813"
South of Market,268491,"$2,611","$2,684","$2,733","$2,765","$2,605","$2,469","$2,358","$2,237","$2,169","$2,123","$2,122","$2,161","$2,224","$2,265","$2,275","$2,289","$2,287","$2,297","$2,345","$2,396","$2,449","$2,484","$2,503","$2,501","$2,498","$2,495","$2,484","$2,475","$2,486","$2,506","$2,546","$2,612","$2,648","$2,671","$2,717","$2,745","$2,779","$2,794","$2,809","$2,850","$2,892","$2,913","$2,957","$3,017","$3,072","$3,093","$3,129","$3,166","$3,198","$3,214","$3,239","$3,279","$3,328","$3,353","$3,371","$3,381","$3,413","$3,449","$3,452","$3,454","$3,451","$3,460","$3,472","$3,471","$3,471","$3,471","$3,471","$3,468","$3,477","$3,464","$3,443","$3,432","$3,433","$3,414","$3,370","$3,321","$3,294","$3,281","$3,276","$3,281","$3,300","$3,306","$3,300","$3,277","$3,243","$3,222","$3,204","$3,209","$3,223","$3,254","$3,277","$3,301","$3,325","$3,332","$3,342","$3,345","$3,344","$3,339","$3,336","$3,352","$3,360","$3,359","$3,369","$3,380","$3,402","$3,425","$3,454","$3,478","$3,494"
Stonestown,118310,"$4,354","$4,375","$4,373","$4,719","$4,551","$4,362","$4,205","$4,041","$3,949","$3,879","$3,825","$3,784","$3,750","$3,729","$3,683","$3,665","$3,646","$3,639","$3,644","$3,690","$3,794","$3,913","$3,985","$3,865","$3,719","$3,654","$3,479","$3,365","$3,351","$3,371","$3,466","$3,716","$3,640","$3,352","$3,247","$3,431","$3,679","$3,814","$3,897","$3,951","$4,034","$4,077","$3,964","$3,961","$3,927","$3,898","$3,944","$4,041","$4,167","$4,218","$4,276","$4,389","$4,490","$4,580","$4,660","$4,731","$4,919","$5,008","$5,106","$5,175","$5,280","$5,362","$5,382","$5,384","$5,353","$5,340","$5,267","$5,255","$5,209","$5,188","$5,167","$5,121","$5,072","$5,022","$4,975","$4,932","$4,901","$4,941","$5,027","$5,022","$5,013","$4,985","$4,949","$4,925","$4,896","$4,876","$4,879","$4,865","$4,831","$4,865","$4,864","$4,859","$4,701","$4,624","$4,586","$4,545","$4,527","$4,511","$4,516","$4,518",0,0,0,0,0,0,0,0,0
Sunnyside,415247,"$2,827","$2,832","$2,853","$2,858","$2,740","$2,621","$2,516","$2,442","$2,408","$2,410","$2,412","$2,414","$2,431","$2,431","$2,438","$2,469","$2,491","$2,510","$2,491","$2,482","$2,463","$2,462","$2,461","$2,458","$2,442","$2,441","$2,430","$2,432","$2,461","$2,529","$2,602","$2,643","$2,653","$2,680","$2,675","$2,710","$2,744","$2,783","$2,794","$2,820","$2,829","$2,834","$2,857","$2,894","$2,946","$2,990","$3,081","$3,131","$3,209","$3,230","$3,262","$3,324","$3,387","$3,446","$3,482","$3,515","$3,555","$3,622","$3,672","$3,735","$3,765","$3,791","$3,802","$3,780","$3,730","$3,669","$3,616","$3,608","$3,602","$3,598","$3,609","$3,574","$3,533","$3,481","$3,442","$3,459","$3,409","$3,388","$3,389","$3,417","$3,446","$3,471","$3,481","$3,458","$3,398","$3,377","$3,380","$3,342","$3,333","$3,343","$3,351","$3,395","$3,422","$3,461","$3,498","$3,515","$3,510","$3,513","$3,486","$3,471","$3,463","$3,441","$3,406","$3,376","$3,369","$3,378","$3,390","$3,398","$3,397"
Telegraph Hill,268517,"$2,842","$2,861","$2,882","$2,904","$2,929","$2,946","$2,965","$2,974","$2,970","$2,957","$2,944","$2,960","$3,008","$3,056","$3,111","$3,146","$3,117","$3,095","$3,097","$3,087","$3,076","$3,051","$3,041","$2,993","$2,973","$2,979","$3,014","$3,063","$3,126","$3,180","$3,228","$3,266","$3,351","$3,441","$3,493","$3,523","$3,523","$3,527","$3,527","$3,464","$3,443","$3,433","$3,451","$3,469","$3,534","$3,588","$3,650","$3,674","$3,702","$3,675","$3,676","$3,711","$3,754","$3,785","$3,800","$3,804","$3,820","$3,841","$3,869","$3,930","$3,977","$4,016","$4,065","$4,081","$4,081","$4,077","$4,070","$4,078","$4,076","$4,070","$4,061","$4,022","$4,000","$3,963","$3,922","$3,883","$3,853","$3,831","$3,780","$3,742","$3,705","$3,667","$3,637","$3,609","$3,608","$3,607","$3,610","$3,609","$3,643","$3,658","$3,667","$3,695","$3,702","$3,748","$3,760","$3,777","$3,765","$3,774","$3,766","$3,789","$3,801","$3,799","$3,797","$3,799","$3,801","$3,804","$3,833","$3,875","$3,920"
Tenderloin,417493,"$2,544","$2,555","$2,590","$2,625","$2,427","$2,250","$2,127","$2,029","$1,992","$1,947","$1,924","$1,928","$1,977","$2,011","$2,042","$2,042","$2,058","$2,084","$2,109","$2,126","$2,156","$2,171","$2,165","$2,177","$2,172","$2,165","$2,159","$2,173","$2,199","$2,253","$2,257","$2,265","$2,271","$2,270","$2,289","$2,338","$2,372","$2,398","$2,417","$2,446","$2,499","$2,527","$2,546","$2,576","$2,607","$2,607","$2,629","$2,672","$2,722","$2,785","$2,859","$2,912","$2,955","$2,976","$2,988","$2,977","$2,982","$3,013","$2,991","$2,967","$2,958","$2,971","$2,998","$2,977","$2,954","$2,956","$2,948","$2,934","$2,903","$2,873","$2,859","$2,826","$2,818","$2,786","$2,746","$2,709","$2,683","$2,699","$2,727","$2,756","$2,753","$2,761","$2,752","$2,747","$2,735","$2,728","$2,734","$2,742","$2,743","$2,736","$2,735","$2,736","$2,727","$2,733","$2,770","$2,761","$2,752","$2,741","$2,742","$2,748","$2,752","$2,749","$2,724","$2,698","$2,683","$2,693","$2,715","$2,743","$2,761"
Visitacion Valley,268570,"$3,058","$3,095","$3,115","$3,139","$2,979","$2,831","$2,672","$2,568","$2,487","$2,442","$2,408","$2,374","$2,388","$2,427","$2,418","$2,398","$2,392","$2,387","$2,429","$2,486","$2,536","$2,564","$2,553","$2,541","$2,533","$2,511","$2,488","$2,504","$2,555","$2,627","$2,667","$2,666","$2,602","$2,635","$2,675","$2,650","$2,659","$2,670","$2,681","$2,712","$2,708","$2,706","$2,742","$2,736","$2,725","$2,731","$2,793","$2,859","$2,987","$3,102","$3,186","$3,252","$3,304","$3,346","$3,352","$3,366","$3,293","$3,331","$3,422","$3,595","$3,717","$3,811","$3,859","$3,811","$3,675","$3,598","$3,566","$3,572","$3,575","$3,595","$3,626","$3,655","$3,665","$3,632","$3,596","$3,543","$3,494","$3,477","$3,458","$3,433","$3,411","$3,428","$3,421","$3,397","$3,361","$3,379","$3,380","$3,358","$3,398","$3,430","$3,469","$3,524","$3,547","$3,544","$3,539","$3,495","$3,489","$3,487","$3,495","$3,576","$3,617","$3,617","$3,606","$3,580","$3,592","$3,614","$3,632","$3,665","$3,659"
Western Addition,118904,"$2,953","$2,946","$2,929","$2,914","$2,846","$2,787","$2,737","$2,704","$2,679","$2,672","$2,675","$2,734","$2,799","$2,878","$2,946","$2,985","$2,987","$2,997","$2,998","$2,984","$2,986","$3,001","$3,035","$3,012","$2,991","$2,980","$3,012","$3,066","$3,138","$3,196","$3,226","$3,241","$3,275","$3,339","$3,394","$3,437","$3,452","$3,486","$3,502","$3,527","$3,544","$3,553","$3,577","$3,640","$3,714","$3,776","$3,852","$3,900","$3,951","$3,998","$4,013","$4,009","$4,020","$4,019","$4,030","$4,045","$4,091","$4,133","$4,175","$4,227","$4,248","$4,270","$4,271","$4,270","$4,278","$4,273","$4,258","$4,254","$4,257","$4,239","$4,220","$4,219","$4,230","$4,229","$4,198","$4,152","$4,099","$4,060","$4,031","$4,024","$4,025","$4,015","$4,008","$3,999","$3,982","$3,968","$3,952","$3,933","$3,929","$3,928","$3,928","$3,930","$3,914","$3,870","$3,792","$3,754","$3,726","$3,741","$3,750","$3,810","$3,840","$3,841","$3,824","$3,805","$3,799","$3,801","$3,804","$3,796","$3,786"
Westwood Highlands,417513,0,0,0,0,0,0,0,0,0,0,0,0,0,0,0,0,0,0,0,0,0,0,0,0,0,0,0,0,0,0,0,0,0,0,0,0,0,0,0,0,0,0,0,0,0,0,0,0,0,0,0,0,0,0,0,0,0,0,0,0,0,0,0,0,0,0,0,0,0,0,0,0,0,0,0,0,0,0,0,0,0,0,0,0,0,0,0,0,0,0,0,0,0,0,0,0,0,"$2,958","$2,955","$2,939",0,0,0,0,0,0,0,0,0
Westwood Park,417510,0,0,0,0,0,0,0,0,0,0,0,0,0,0,0,0,"$1,599","$1,685","$1,800","$1,879","$1,923","$1,974","$2,018","$2,045","$2,052","$2,030","$1,929","$1,849","$1,876","$1,895","$1,910","$1,921","$1,984","$2,046","$2,116","$2,207","$2,281","$2,245","$2,230","$2,281","$2,333","$2,360","$2,364","$2,335","$2,334","$2,340","$2,365","$2,364","$2,448","$2,508","$2,565","$2,626","$2,664","$2,701","$2,725","$2,755","$2,784","$2,833","$2,864","$2,904","$2,976","$3,010","$3,009","$2,983","$2,953","$2,929","$2,871","$2,811","$2,786","$2,793","$2,810","$2,812","$2,690","$2,586","$2,515","$2,486","$2,681","$2,788","$2,866","$2,927","$2,985","$2,983","$3,024","$3,060","$3,064","$3,060","$3,000","$2,949","$2,992","$3,016","$3,060","$3,057","$3,013","$3,246","$3,413","$3,483","$3,534","$3,548","$3,580","$3,608","$3,622","$3,634","$3,649","$3,670","$3,675","$3,680","$3,685","$3,696","$3,699"
