Region Name,Region ID,Sep-10,Oct-10,Nov-10,Dec-10,Jan-11,Feb-11,Mar-11,Apr-11,May-11,Jun-11,Jul-11,Aug-11,Sep-11,Oct-11,Nov-11,Dec-11,Jan-12,Feb-12,Mar-12,Apr-12,May-12,Jun-12,Jul-12,Aug-12,Sep-12,Oct-12,Nov-12,Dec-12,Jan-13,Feb-13,Mar-13,Apr-13,May-13,Jun-13,Jul-13,Aug-13,Sep-13,Oct-13,Nov-13,Dec-13,Jan-14,Feb-14,Mar-14,Apr-14,May-14,Jun-14,Jul-14,Aug-14,Sep-14,Oct-14,Nov-14,Dec-14,Jan-15,Feb-15,Mar-15,Apr-15,May-15,Jun-15,Jul-15,Aug-15,Sep-15,Oct-15,Nov-15,Dec-15,Jan-16,Feb-16,Mar-16,Apr-16,May-16,Jun-16,Jul-16,Aug-16,Sep-16,Oct-16,Nov-16,Dec-16,Jan-17,Feb-17,Mar-17,Apr-17,May-17,Jun-17,Jul-17,Aug-17,Sep-17,Oct-17,Nov-17,Dec-17,Jan-18,Feb-18,Mar-18,Apr-18,May-18,Jun-18,Jul-18,Aug-18,Sep-18,Oct-18,Nov-18,Dec-18,Jan-19,Feb-19,Mar-19,Apr-19,May-19,Jun-19,Jul-19,Aug-19,Sep-19,0
Alamo Square,417523,"$3,588","$3,621","$3,628","$3,643","$3,681","$3,628","$3,535","$3,495","$3,462","$3,452","$3,471","$3,547","$3,616","$3,700","$3,786","$3,853","$3,897","$3,899","$3,877","$3,843","$3,811","$3,777","$3,796","$3,796","$3,786","$3,810","$3,855","$3,864","$3,939","$3,992","$4,081","$4,119","$4,137","$4,162","$4,188","$4,213","$4,210","$4,214","$4,207","$4,201","$4,207","$4,210","$4,238","$4,260","$4,262","$4,295","$4,346","$4,405","$4,503","$4,500","$4,553","$4,597","$4,620","$4,650","$4,667","$4,724","$4,768","$4,783","$4,815","$4,817","$4,825","$4,817","$4,783","$4,741","$4,726","$4,711","$4,646","$4,649","$4,649","$4,651","$4,653","$4,673","$4,658","$4,634","$4,604","$4,572","$4,531","$4,508","$4,490","$4,491","$4,472","$4,460","$4,477","$4,529","$4,554","$4,587","$4,591","$4,594","$4,639","$4,636","$4,601","$4,486","$4,420",0,0,0,0,0,0,0,"$4,083","$4,041","$4,001","$3,974","$3,968","$3,959","$3,966",0,0,0
Anza Vista,417521,"$2,968","$2,960","$2,956","$2,958","$2,844","$2,743","$2,662","$2,608","$2,614","$2,611","$2,646","$2,702","$2,769","$2,829","$2,948","$2,997","$2,956","$2,902","$2,845","$2,801","$2,805","$2,825","$2,886","$2,924","$2,954","$3,017","$3,104","$3,181","$3,264","$3,240","$3,160","$3,077","$3,084","$3,123","$3,192","$3,265","$3,314","$3,383","$3,395","$3,401","$3,415","$3,421","$3,433","$3,463","$3,511","$3,657","$3,774","$3,844","$3,792","$3,736","$3,743","$3,710","$3,718","$3,709","$3,730","$3,745","$3,786","$3,858","$3,886","$3,896","$3,896","$3,942","$3,971","$3,966","$3,950","$3,925","$3,905","$3,850","$3,869","$3,859","$3,858","$3,852","$3,919","$3,964","$4,045","$4,073","$4,058","$4,044","$3,927","$3,880","$3,838","$3,916","$3,965","$3,987","$3,853","$3,824","$3,825","$3,809","$3,789","$3,791","$3,799","$3,786","$3,764",0,0,0,0,0,0,0,"$4,339","$4,267","$4,213","$4,177","$4,152","$4,136","$4,118",0,0,0
Balboa Terrace,417508,"$4,781","$4,992","$5,180","$5,300","$5,166","$4,964","$4,795","$4,633","$4,448","$4,338","$4,303","$4,294","$4,321","$4,350","$4,302","$4,182","$4,149","$4,162","$4,182","$4,207","$4,275","$4,454","$4,551","$4,654","$4,620","$4,510","$4,520","$4,536","$4,667","$4,705","$4,703","$4,752","$4,792","$4,782","$4,854","$4,857","$4,809","$4,730","$4,781","$4,902","$4,979","$5,018","$4,983","$4,944","$4,805","$4,796","$4,866","$5,079","$5,287","$5,451","$5,576","$5,660","$5,710","$5,756","$5,682","$5,680","$5,736","$5,767","$5,799","$5,813","$5,862","$5,954","$6,043","$6,037","$6,075","$6,078","$6,025","$5,942","$5,826","$5,734","$5,615","$5,572","$5,570","$5,524","$5,458","$5,371","$5,250","$5,181","$5,173","$5,178","$5,157","$5,094","$5,032","$5,022","$5,058","$5,109","$5,115","$5,089","$5,079","$5,124","$5,161","$5,210","$5,223",0,0,0,0,0,0,0,"$3,779","$3,754","$3,701","$3,659","$3,624","$3,583","$3,548",0,0,0
Bayview,272885,0,0,"$4,762","$4,703","$4,269","$3,916",0,0,"$3,203","$3,141","$3,127","$3,192","$3,246","$3,235","$3,207","$3,206","$3,189","$3,187","$3,184","$3,191","$3,164","$3,118","$3,091","$3,086","$3,066","$3,040","$3,068","$3,082","$3,073","$3,097","$3,146","$3,171","$3,146","$3,129","$3,134","$3,177","$3,223","$3,324","$3,356","$3,372","$3,365","$3,361","$3,259","$3,302","$3,359","$3,440","$3,515","$3,576","$3,671","$3,729","$3,781","$3,782","$3,865","$3,890","$3,912","$3,946","$3,960","$3,933","$3,956","$4,020","$4,065","$4,120","$4,165","$4,199","$4,193","$4,151","$4,067","$4,054","$4,110","$4,100","$4,100","$4,083","$4,088","$4,053","$4,000","$3,908","$3,843","$3,804","$3,806","$3,872","$3,907","$3,899","$3,873","$3,846","$3,801","$3,764","$3,749","$3,742","$3,808","$3,820","$3,912","$3,938","$3,920",0,0,0,0,0,0,0,"$5,214","$5,180","$5,143","$5,089","$5,065","$5,009","$4,983",0,0,0
Bernal Heights,268020,"$3,655","$3,668","$3,670","$3,690","$3,593","$3,465","$3,360","$3,282","$3,249","$3,251","$3,250","$3,288","$3,297","$3,297","$3,297","$3,318","$3,352","$3,393","$3,441","$3,510","$3,554","$3,623","$3,669","$3,659","$3,581","$3,537","$3,492","$3,509","$3,561","$3,623","$3,679","$3,723","$3,786","$3,876","$3,946","$3,963","$3,961","$3,998","$4,015","$3,981","$3,959","$3,948","$3,913","$3,915","$3,932","$3,981","$4,010","$4,042","$4,080","$4,125","$4,123","$4,158","$4,199","$4,246","$4,310","$4,375","$4,429","$4,451","$4,462","$4,475","$4,449","$4,436","$4,446","$4,440","$4,425","$4,437","$4,384","$4,381","$4,394","$4,390","$4,348","$4,304","$4,282","$4,262","$4,252","$4,266","$4,208","$4,209","$4,163","$4,132","$4,095","$4,080","$4,080","$4,088","$4,095","$4,086","$4,056","$4,022","$4,029","$4,032","$4,061","$4,081","$4,102",0,0,0,0,0,0,0,"$3,921","$3,892","$3,820","$3,803","$3,806","$3,787","$3,785",0,0,0
Buena Vista,417524,"$3,828","$3,881","$4,013","$4,062","$3,968","$3,860","$3,773","$3,720","$3,691","$3,683","$3,709","$3,770","$3,891","$3,975","$4,038","$4,105","$4,155","$4,176","$4,215","$4,248","$4,284","$4,306","$4,340","$4,374","$4,389","$4,371","$4,331","$4,350","$4,403","$4,445","$4,506","$4,536","$4,540","$4,568","$4,605","$4,630","$4,667","$4,717","$4,770","$4,819","$4,832","$4,838","$4,856","$4,907","$4,958","$4,972","$5,037","$5,126","$5,319","$5,407","$5,479","$5,535","$5,549","$5,537","$5,449","$5,414","$5,423","$5,421","$5,479","$5,564","$5,618","$5,702","$5,694","$5,657","$5,673","$5,700","$5,682","$5,632","$5,535","$5,511","$5,496","$5,517","$5,521","$5,528","$5,456","$5,376","$5,297","$5,238","$5,230","$5,252","$5,244","$5,191","$5,197","$5,222","$5,248","$5,248","$5,250","$5,232","$5,219","$5,227","$5,224","$5,134","$5,007",0,0,0,0,0,0,0,"$4,139","$4,124","$4,088","$4,060","$4,049","$4,031","$4,015",0,0,0
Chinatown,114291,0,0,"$3,277","$3,336","$3,244","$3,133","$2,988","$2,888","$2,755","$2,672","$2,581","$2,537","$2,586","$2,697","$2,695","$2,635","$2,595","$2,569","$2,596","$2,670","$2,743","$2,775","$2,696","$2,634","$2,609","$2,669","$2,713","$2,766","$2,858","$2,938","$2,964","$2,958","$3,009","$3,060","$3,176","$3,246","$3,283","$3,300","$3,304","$3,291","$3,292","$3,292","$3,310","$3,355","$3,456","$3,491","$3,529","$3,586","$3,625","$3,627","$3,666","$3,720","$3,821","$3,866","$3,897","$3,932","$3,990","$4,019","$4,038","$4,117","$4,204","$4,266","$4,319","$4,352","$4,387","$4,407","$4,371","$4,342","$4,345","$4,330","$4,300","$4,228","$4,176","$4,121","$4,082","$4,013","$3,947","$3,912","$3,878","$3,884","$3,898","$3,907","$3,894","$3,893","$3,817","$3,798","$3,840","$3,882","$3,980","$4,009","$4,058","$4,102","$4,142",0,0,0,0,0,0,0,"$4,870","$4,774","$4,685","$4,606","$4,569","$4,545","$4,563",0,0,0
Clarendon Heights,417525,"$4,003","$4,029","$4,086","$4,136","$4,048","$3,933","$3,863","$3,825",0,0,"$3,913",0,0,0,0,0,"$4,183",0,0,"$4,246",0,0,"$4,371","$4,445",0,0,0,0,0,"$4,513","$4,601","$4,642","$4,639","$4,698","$4,753","$4,792","$4,801","$4,789","$4,863","$4,859","$4,846","$4,839",0,"$4,914","$4,945","$4,867","$4,833","$5,041","$5,091","$5,179","$5,266","$5,359","$5,285","$5,226","$5,162","$5,250","$5,272","$5,423","$5,491","$5,514","$5,578","$5,626","$5,605","$5,613","$5,618","$5,606","$5,611","$5,581","$5,529","$5,511","$5,487","$5,523","$5,590","$5,571","$5,470","$5,392","$5,348","$5,300","$5,220","$5,219","$5,184","$5,193","$5,210","$5,213","$5,066","$4,995","$5,026","$5,035","$5,141","$5,185","$5,197","$5,077","$4,911",0,0,0,0,0,0,0,"$4,138","$4,129","$4,120","$4,121","$4,141","$4,147","$4,172",0,0,0
Corona Heights,417519,"$3,194","$3,230","$3,327","$3,361","$3,297","$3,192","$3,115","$3,060","$3,030","$3,016","$3,029","$3,069","$3,088","$3,091","$3,143","$3,199","$3,248","$3,262","$3,274","$3,292","$3,263","$3,271","$3,278","$3,308","$3,310","$3,315","$3,315","$3,353","$3,434","$3,498","$3,569","$3,574","$3,565","$3,594","$3,620","$3,656","$3,700","$3,720","$3,734","$3,778","$3,821","$3,842","$3,878","$3,942","$4,012","$4,085","$4,190","$4,276","$4,336","$4,385","$4,453","$4,503","$4,510","$4,511","$4,535","$4,573","$4,618","$4,648","$4,647","$4,660","$4,672","$4,685","$4,674","$4,677","$4,704","$4,740","$4,744","$4,762","$4,767","$4,762","$4,728","$4,689","$4,634","$4,602","$4,551","$4,515","$4,472","$4,458","$4,436","$4,415","$4,392","$4,388","$4,380","$4,389","$4,416","$4,387","$4,352","$4,346","$4,374","$4,362","$4,346","$4,313","$4,282",0,0,0,0,0,0,0,"$4,763","$4,516","$4,351","$4,293","$4,276","$4,255","$4,267",0,0,0
Cow Hollow,268096,"$4,806","$5,048","$5,142","$5,152","$5,117","$5,003","$4,911","$4,841","$4,853","$4,923","$4,967","$4,967","$4,916","$4,837","$4,791","$4,779","$4,764","$4,798","$4,831","$4,777","$4,753","$4,797","$4,878","$4,963","$5,002","$4,956","$4,982","$5,017","$5,076","$5,068","$5,081","$5,061","$5,052","$5,094","$5,218","$5,309","$5,330","$5,387","$5,495","$5,604","$5,622","$5,631","$5,583","$5,547","$5,496","$5,445","$5,493","$5,619","$5,678","$5,678","$5,718","$5,756","$5,822","$5,856","$5,838","$5,841","$5,779","$5,749","$5,833","$5,995","$6,093","$6,155","$6,172","$6,139","$6,116","$6,113","$6,092","$6,030","$5,989","$5,978","$5,945","$5,999","$6,204","$6,299","$6,322","$6,245","$6,114","$5,992","$5,919","$5,890","$5,847","$5,759","$5,748","$5,795","$5,895","$5,926","$5,909","$5,870","$5,789","$5,801","$5,769","$5,659","$5,535",0,0,0,0,0,0,0,"$4,255","$4,233","$4,212","$4,176","$4,167","$4,151","$4,163",0,0,0
Crocker Amazon,273404,0,"$3,565","$3,648","$3,691","$3,465","$3,292","$3,169","$3,086","$3,051","$3,013","$2,980","$2,956","$2,943","$2,984","$3,021","$3,084","$3,056","$3,052","$3,007","$2,953","$2,894","$2,872","$2,874","$2,882","$2,900","$2,959","$3,048","$3,151","$3,198","$3,166","$3,140","$3,121","$3,131","$3,142","$3,153","$3,190","$3,233","$3,267","$3,296","$3,332","$3,371","$3,391","$3,416","$3,386","$3,409","$3,426","$3,431","$3,472","$3,608","$3,651","$3,717","$3,704","$3,701","$3,753","$3,856","$3,903","$3,994","$4,064","$4,129","$4,235","$4,289","$4,312","$4,339",0,0,"$4,310","$4,250","$4,267","$4,272","$4,265","$4,326","$4,284","$4,233","$4,163","$4,065","$3,971","$3,940","$3,907","$3,862","$3,845","$3,824","$3,835","$3,834","$3,886","$3,866","$3,917","$3,891","$3,893","$3,992","$3,941","$3,931","$3,863","$3,835",0,0,0,0,0,0,0,"$5,514","$5,479","$5,417","$5,353","$5,331","$5,291","$5,282",0,0,0
Diamond Heights,268110,0,0,0,0,0,0,0,0,0,0,0,0,0,0,0,0,0,0,0,0,0,0,0,0,0,0,0,0,"$2,311","$2,302","$2,340","$2,377","$2,447","$2,499","$2,526",0,0,0,0,"$2,548",0,0,0,"$2,559","$2,561","$2,577",0,0,0,0,0,0,0,0,0,0,0,0,0,0,0,0,0,0,0,0,0,0,0,0,0,0,0,0,0,0,0,0,0,0,0,"$2,988","$3,021",0,"$3,024","$3,041","$3,057","$3,046","$2,988","$2,947","$2,965","$2,977","$3,009",0,0,0,0,0,0,0,"$3,849","$3,823","$3,816","$3,812","$3,826","$3,851","$3,888",0,0,0
Downtown,268114,0,"$2,583","$2,584","$2,591",0,0,0,0,"$1,714","$1,695","$1,643","$1,632","$1,659","$1,722","$1,822","$1,875","$1,882","$1,843","$1,867","$1,937","$1,988","$1,991","$1,939","$1,899","$1,847","$1,834","$1,828","$1,843","$1,898","$1,967","$1,992","$2,017","$2,037","$2,024","$2,038","$2,064","$2,094","$2,089","$2,121","$2,220","$2,295","$2,334","$2,356","$2,379","$2,410","$2,438","$2,477","$2,512","$2,552","$2,570","$2,567","$2,578","$2,623","$2,651","$2,668","$2,675","$2,669","$2,685","$2,697","$2,723","$2,766","$2,796","$2,825","$2,811","$2,802","$2,790","$2,753","$2,739","$2,765","$2,734","$2,724","$2,753","$2,777","$2,765","$2,762","$2,756","$2,731","$2,737","$2,732","$2,715","$2,680","$2,696","$2,684","$2,648","$2,626","$2,614","$2,625","$2,609","$2,617","$2,620","$2,616","$2,595","$2,589",0,0,0,0,0,0,0,0,0,"$3,076",0,0,"$3,106",0,0,0,0
Duboce Triangle,417518,"$3,591","$3,659","$3,656","$3,723","$3,729","$3,671","$3,601","$3,576","$3,572","$3,551","$3,559","$3,630","$3,728","$3,782","$3,807","$3,874","$3,928","$3,954","$3,954","$3,978","$4,007","$4,055","$4,080","$4,030","$4,022","$4,026","$4,050","$4,021","$4,110","$4,202","$4,285","$4,318","$4,314","$4,312","$4,323","$4,352","$4,384","$4,413","$4,457","$4,547","$4,607","$4,637","$4,670","$4,698","$4,726","$4,695","$4,762","$4,838","$4,999","$5,105","$5,172","$5,237","$5,196","$5,198","$5,157","$5,182","$5,168","$5,138","$5,108","$5,140","$5,217","$5,231","$5,182","$5,134","$5,163","$5,187","$5,146","$5,096","$5,052","$5,023","$5,026","$5,058","$5,095","$5,143","$5,139","$5,067","$4,995","$4,943","$4,916","$4,920","$4,929","$4,847","$4,870","$4,892","$4,915","$4,908","$4,885","$4,875","$4,889","$4,867","$4,853","$4,794","$4,715",0,0,0,0,0,0,0,"$2,542","$2,511","$2,496","$2,492","$2,497","$2,513","$2,535",0,0,0
Excelsior,268150,0,"$3,132","$3,191","$3,234","$3,090","$2,929","$2,779","$2,679","$2,617","$2,600","$2,588","$2,589","$2,558","$2,541","$2,479","$2,470","$2,483","$2,476","$2,496","$2,516","$2,531","$2,530","$2,509","$2,487","$2,448","$2,415","$2,385","$2,400","$2,446","$2,505","$2,553","$2,628","$2,663","$2,675","$2,709","$2,723","$2,756","$2,759","$2,740","$2,758","$2,756",0,0,0,0,0,0,0,0,0,0,0,0,0,0,0,0,0,0,0,0,0,0,0,0,0,0,0,0,0,0,0,0,0,0,0,0,0,0,0,0,0,0,0,0,0,0,0,0,0,0,0,0,0,0,0,0,0,0,0,"$4,593","$4,546","$4,493","$4,452","$4,437","$4,423","$4,423",0,0,0
Financial District,268156,"$2,988","$3,052","$3,106","$3,133","$3,137","$3,128","$3,129","$3,125","$3,108","$3,101","$3,089","$3,133","$3,184","$3,224","$3,224","$3,175","$3,120","$3,122","$3,214","$3,285","$3,329","$3,331","$3,289","$3,239","$3,179","$3,103","$3,077","$3,096","$3,136","$3,179","$3,220","$3,269","$3,380","$3,486","$3,557","$3,636","$3,692","$3,707","$3,703","$3,726","$3,771","$3,794","$3,850","$3,894",0,0,0,0,0,0,"$3,920","$3,941","$4,067","$4,064","$4,026","$3,982","$3,998","$4,113","$4,209","$4,420",0,"$4,292","$4,173","$4,068",0,0,0,"$4,372","$4,511",0,"$4,414","$4,293",0,"$4,166","$4,077","$3,979","$3,903",0,"$3,956","$4,001","$3,950","$3,924","$3,894","$3,876","$3,874","$3,860",0,"$3,851","$3,913","$3,929","$3,932","$3,989","$3,968",0,0,0,0,0,0,0,0,0,0,0,0,0,0,0,0,0
Forest Hill,255961,"$3,767","$4,057","$4,264","$4,365","$4,396","$4,316","$4,195","$4,034","$3,894","$3,869","$3,885","$3,927","$3,953","$4,006","$4,032","$4,012","$3,953","$3,918","$3,927","$3,895","$3,892","$3,954","$3,985","$3,974","$3,866","$3,751","$3,762","$3,791","$3,886","$3,957","$4,042","$4,106","$4,180","$4,250","$4,364","$4,500","$4,687","$4,717","$4,706","$4,650","$4,589",0,0,0,0,0,0,0,0,0,0,0,0,0,0,0,0,0,0,0,0,0,0,0,0,0,0,0,0,0,0,0,0,0,0,0,0,0,0,0,0,0,0,0,0,0,0,0,0,0,0,0,0,0,0,0,0,0,0,0,"$3,964","$3,928",0,"$3,918","$3,912","$3,903","$3,929",0,0,0
Forest Knolls,115133,"$4,073","$4,124","$4,229","$4,379","$4,263","$4,097","$3,915","$3,837","$3,816","$3,814","$3,835","$3,857","$3,867","$3,897","$3,956","$3,988","$4,030","$4,100","$4,068","$4,058","$4,131","$4,206","$4,291","$4,349","$4,320","$4,185","$3,949","$3,807","$3,780","$3,847","$3,920","$3,952","$4,012","$4,073","$4,127","$4,161","$4,163","$4,207","$4,296","$4,403","$4,500","$4,550","$4,508","$4,483","$4,415","$4,406","$4,389","$4,526","$4,719","$4,897","$5,042","$5,166","$5,261","$5,327","$5,311","$5,294","$5,327","$5,355","$5,355","$5,331","$5,343","$5,403","$5,370","$5,345","$5,365","$5,375","$5,361","$5,320","$5,292","$5,252","$5,190","$5,170","$5,155","$5,152","$5,111","$5,065","$4,995","$4,907","$4,840","$4,784","$4,754","$4,756","$4,768","$4,781","$4,829","$4,826","$4,813","$4,810","$4,847","$4,873","$4,867","$4,840","$4,835",0,0,0,0,0,0,0,0,0,0,0,0,0,0,0,0,0
Glen Park,268177,"$3,531","$3,547","$3,573","$3,592","$3,549","$3,477","$3,369","$3,315","$3,290","$3,286","$3,252","$3,254","$3,255","$3,310","$3,334","$3,369","$3,427","$3,423","$3,378","$3,311","$3,294","$3,241","$3,233","$3,228","$3,234","$3,243","$3,277","$3,276","$3,285","$3,355","$3,411","$3,446","$3,495","$3,564","$3,604","$3,633","$3,613","$3,589","$3,536","$3,501","$3,446","$3,419","$3,368","$3,402","$3,406","$3,454","$3,583","$3,657","$3,730","$3,861","$3,887","$3,979","$3,969","$3,978","$3,950","$3,935","$3,996","$4,066","$4,152","$4,242","$4,259","$4,247","$4,252","$4,240","$4,227","$4,207","$4,148","$4,202","$4,278","$4,331","$4,356","$4,335","$4,270","$4,252","$4,189","$4,127","$4,067","$4,046","$4,010","$3,974","$3,950","$3,927","$3,918","$3,884","$3,890","$3,899","$3,940","$3,958","$3,971","$3,965","$3,953","$3,908","$3,895",0,0,0,0,0,0,0,"$4,812","$4,744","$4,679","$4,630","$4,618","$4,633","$4,681",0,0,0
Golden Gate Heights,417516,"$3,936","$3,893","$3,974","$4,177","$4,132","$3,970","$3,888","$3,845","$3,800","$3,775","$3,762","$3,785","$3,780","$3,782","$3,794","$3,793","$3,863","$3,932","$3,945","$3,898","$3,901","$3,949","$4,037","$4,123","$4,127","$4,120","$4,019","$3,981","$3,930","$3,871","$3,869","$3,856","$3,947","$4,032","$4,043","$4,047","$4,085","$4,111","$4,200","$4,268","$4,359","$4,405","$4,356","$4,345","$4,342","$4,360","$4,396","$4,586","$4,855","$4,998","$4,988","$5,001","$4,946","$4,894","$4,879","$4,882","$4,930","$4,958","$5,097","$5,202","$5,228","$5,239","$5,165","$5,141","$5,165","$5,144","$5,087","$5,049","$5,000","$4,952","$4,918","$4,916","$4,894","$4,881","$4,875","$4,834","$4,808","$4,769","$4,703","$4,700","$4,711","$4,745","$4,713","$4,642","$4,679","$4,654","$4,634","$4,595","$4,579","$4,562","$4,556","$4,521","$4,510",0,0,0,0,0,0,0,"$3,969","$3,988","$4,000","$3,990","$3,995","$3,998","$3,992",0,0,0
Haight,268201,"$3,545","$3,537","$3,546","$3,590","$3,591","$3,511","$3,459","$3,432","$3,412","$3,421","$3,441","$3,480","$3,516","$3,554","$3,625","$3,677","$3,737","$3,775","$3,791","$3,715","$3,730","$3,751","$3,779","$3,788","$3,791","$3,822","$3,824","$3,845","$3,862","$3,894","$3,963","$3,975","$4,005","$4,011","$4,051","$4,093","$4,102","$4,110","$4,101","$4,100","$4,129","$4,143","$4,177","$4,217","$4,272","$4,308","$4,389","$4,400","$4,500","$4,490","$4,512","$4,536","$4,530","$4,591","$4,605","$4,661","$4,714","$4,748","$4,756","$4,821","$4,782","$4,768","$4,758","$4,787","$4,831","$4,831","$4,828","$4,819","$4,777","$4,752","$4,747","$4,764","$4,757","$4,736","$4,689","$4,602","$4,459","$4,383","$4,343","$4,355","$4,352","$4,306","$4,270","$4,328","$4,319","$4,285","$4,259","$4,222","$4,210","$4,250","$4,284","$4,256","$4,224",0,0,0,0,0,0,0,"$4,424","$4,212","$4,160","$4,029","$4,006","$3,994","$4,053",0,0,0
Hayes Valley,268206,"$2,776","$2,792","$2,821","$2,840","$2,846","$2,795","$2,739","$2,705","$2,681","$2,699","$2,710","$2,775","$2,806","$2,835","$2,847","$2,871","$2,865","$2,898","$2,957","$3,022","$3,074","$3,083","$3,055","$3,020","$2,980","$2,964","$2,972","$2,991","$3,025","$3,084","$3,123","$3,153","$3,194","$3,243","$3,247","$3,259","$3,256","$3,279","$3,326","$3,385","$3,414","$3,428","$3,461","$3,563","$3,632","$3,692","$3,681","$3,753","$3,842","$3,902","$3,942","$3,963","$3,886","$3,830","$3,725","$3,656","$3,695","$3,704","$3,793","$3,861","$3,850","$3,922","$3,966","$3,962","$3,965","$3,921","$3,907","$3,923","$3,931","$3,867","$3,890","$3,921","$3,970","$3,973","$3,962","$3,863","$3,819","$3,754","$3,758","$3,772","$3,783","$3,794","$3,774","$3,710","$3,829","$3,878","$3,876","$3,871","$3,904","$3,938","$3,949","$3,925","$3,925",0,0,0,0,0,0,0,"$4,096","$3,986","$3,906","$3,846","$3,826","$3,803","$3,795",0,0,0
Hunters Point,268218,0,"$3,706","$3,797","$3,869","$3,645","$3,424","$3,213","$3,051","$2,893","$2,779","$2,636","$2,578","$2,624","$2,649","$2,667","$2,670","$2,651","$2,710","$2,731","$2,787","$2,802","$2,759","$2,739","$2,739","$2,707","$2,674","$2,720","$2,706","$2,662","$2,683","$2,695","$2,746","$2,779","$2,826","$2,845","$2,898","$2,931","$2,962","$2,990","$3,020","$3,064","$3,086","$3,061","$3,109","$3,174","$3,224","$3,336","$3,385","$3,439","$3,439","$3,420","$3,391","$3,400","$3,506","$3,579","$3,622","$3,614","$3,634","$3,716","$3,810","$3,900","$3,989","$4,041","$4,059","$4,015","$3,973","$3,921","$3,936","$3,982","$4,004","$4,033","$4,026","$4,000","$4,000","$4,003","$3,972","$3,913","$3,879","$3,823","$3,795","$3,816","$3,815","$3,825","$3,822","$3,579","$3,493","$3,478","$3,467","$3,465","$3,452","$3,455","$3,458","$3,433",0,0,0,0,0,0,0,"$3,895","$3,842","$3,797","$3,755","$3,746","$3,728","$3,741",0,0,0
Ingleside,115774,0,0,0,0,0,0,0,0,0,0,0,0,0,0,0,0,0,0,0,0,0,0,0,0,0,0,0,0,0,0,0,0,0,0,0,0,0,0,0,0,0,"$2,587","$2,586","$2,674","$2,748","$2,798","$2,883","$2,898","$3,083","$3,165","$3,219","$3,250","$3,273","$3,283","$3,298","$3,323","$3,348","$3,385","$3,438","$3,500","$3,559","$3,546","$3,594","$3,574","$3,488","$3,414","$3,381","$3,396","$3,437","$3,479","$3,517","$3,548","$3,570","$3,576","$3,508","$3,495","$3,430","$3,407","$3,381","$3,397","$3,373","$3,376","$3,357","$3,335","$3,277","$3,249","$3,263","$3,231","$3,241","$3,280","$3,355","$3,420","$3,516",0,0,0,0,0,0,0,"$3,652","$3,772","$3,835","$3,848","$3,857","$3,858","$3,874",0,0,0
Ingleside Heights,417507,"$2,626","$2,580","$2,567","$2,610","$2,481",0,"$2,269","$2,154","$2,112","$2,096","$2,077","$2,075","$2,080","$2,082","$2,065","$2,061","$2,068","$2,081","$2,097","$2,112","$2,108","$2,112","$2,084","$2,052","$2,034","$2,040","$2,049","$2,078","$2,064","$1,993","$1,933","$1,928","$1,980","$2,028","$2,089","$2,152","$2,211","$2,259","$2,272","$2,293","$2,295","$2,296","$2,306","$2,322","$2,321","$2,355","$2,404","$2,458","$2,554","$2,667","$2,739","$2,810","$2,831","$2,886","$2,949","$2,971","$2,992","$2,982","$2,980","$3,099","$3,189","$3,253","$3,309","$3,314","$3,315","$3,218","$3,128","$3,100","$3,180","$3,177","$3,162","$3,153","$3,165","$3,165","$3,162","$3,116","$2,972","$2,890","$2,880","$2,936","$2,980","$3,008","$2,953","$2,855","$2,772","$2,724","$2,705","$2,644","$2,642","$2,590","$2,709","$2,859","$3,003",0,0,0,0,0,0,0,"$3,521","$3,478",0,"$3,433","$3,392","$3,363","$3,392",0,0,0
Ingleside Terrace,417494,0,"$5,328","$5,531","$5,674","$5,585","$5,416","$5,234","$5,023","$4,837","$4,685","$4,640","$4,636","$4,661","$4,643","$4,587","$4,446","$4,329","$4,286","$4,301","$4,353","$4,494","$4,679","$4,816","$4,886","$4,807","$4,676","$4,649","$4,622","$4,711","$4,658","$4,691","$4,741","$4,826","$4,778","$4,841","$4,854","$4,854","$4,844","$4,855","$5,015","$5,066","$5,092","$4,981","$4,882","$4,725","$4,619","$4,650","$4,935","$5,241","$5,496","$5,645","$5,746","$5,750","$5,794","$5,756","$5,730","$5,760","$5,755","$5,818","$5,830","$5,845","$5,933","$5,982","$6,022","$6,178","$6,256","$6,252","$6,171","$6,056","$5,974","$5,895","$5,889","$5,874","$5,842","$5,717","$5,619","$5,507","$5,408","$5,421","$5,424","$5,431","$5,361","$5,311","$5,303","$5,298","$5,294","$5,280","$5,237","$5,217","$5,275","$5,295","$5,306","$5,325",0,0,0,0,0,0,0,"$3,049","$3,074","$3,124","$3,182","$3,275","$3,345","$3,404",0,0,0
Inner Richmond,268219,"$3,953","$4,103","$4,296","$4,391","$4,274","$4,085","$3,893","$3,793","$3,752","$3,734","$3,756","$3,801","$3,794","$3,811","$3,851","$3,879","$3,940","$3,986","$4,039","$4,029","$4,032","$4,073","$4,121","$4,187","$4,185","$4,149","$4,070","$4,011","$3,929","$3,871","$3,845","$3,854","$3,943","$4,032","$4,133","$4,179","$4,198","$4,216","$4,265","$4,390","$4,493","$4,546","$4,575","$4,617","$4,643","$4,641","$4,689","$4,842","$4,975","$5,055","$5,090","$5,118","$5,077","$5,020","$4,953","$4,918","$4,921","$4,963","$5,024","$5,065","$5,059","$5,089","$5,026","$5,025","$5,057","$5,058","$5,007","$4,958","$4,926","$4,893","$4,873","$4,860","$4,860","$4,833","$4,812","$4,785","$4,741","$4,666","$4,636","$4,605","$4,621","$4,646","$4,653","$4,662","$4,659","$4,599","$4,559","$4,531","$4,510","$4,513","$4,529","$4,509","$4,466",0,0,0,0,0,0,0,"$5,361","$5,357","$5,308","$5,243","$5,174","$5,124","$5,095",0,0,0
Inner Sunset,268220,"$3,751","$3,821","$3,929","$3,994","$3,909","$3,727","$3,541","$3,443","$3,409","$3,402","$3,416","$3,426","$3,410","$3,415","$3,428","$3,443","$3,483","$3,524","$3,562","$3,562","$3,566","$3,602","$3,658","$3,713","$3,738","$3,716","$3,655","$3,598","$3,572","$3,555","$3,596","$3,630","$3,699","$3,768","$3,755","$3,773","$3,829","$3,863","$3,904","$3,982","$4,065","$4,107","$4,122","$4,170","$4,202","$4,195","$4,300","$4,444","$4,582","$4,656","$4,670","$4,686","$4,649","$4,600","$4,572","$4,568","$4,619","$4,680","$4,742","$4,792","$4,771","$4,767","$4,709","$4,690","$4,709","$4,713","$4,669","$4,645","$4,593","$4,551","$4,532","$4,521","$4,504","$4,507","$4,497","$4,466","$4,431","$4,381","$4,327","$4,304","$4,304","$4,322","$4,333","$4,334","$4,318","$4,268","$4,229","$4,203","$4,207","$4,210","$4,215","$4,195","$4,176",0,0,0,0,0,0,0,"$4,373","$4,292","$4,215","$4,138","$4,130","$4,099","$4,110",0,0,0
Lake,256657,"$3,551","$3,658","$3,857","$3,979","$3,839","$3,682","$3,515","$3,453","$3,411","$3,412","$3,409","$3,384","$3,415","$3,434","$3,444","$3,446","$3,475","$3,497","$3,502","$3,488","$3,503","$3,495","$3,557","$3,604","$3,628","$3,656","$3,700","$3,682","$3,625","$3,545","$3,483","$3,477","$3,481","$3,546","$3,616","$3,672","$3,741","$3,789","$3,844","$3,941","$4,006","$4,039","$4,048","$4,083","$4,140","$4,213","$4,288","$4,358","$4,414","$4,454","$4,450","$4,463","$4,434","$4,417","$4,398","$4,431","$4,487","$4,541","$4,581","$4,651","$4,653","$4,662","$4,646","$4,635","$4,720","$4,767","$4,742","$4,731","$4,664","$4,547","$4,533","$4,533","$4,543","$4,500","$4,436","$4,337","$4,256","$4,195","$4,173","$4,185","$4,202","$4,213","$4,219","$4,211","$4,182","$4,133","$4,106","$4,080","$4,087","$4,144","$4,206","$4,165","$4,177",0,0,0,0,0,0,0,"$4,222","$4,221","$4,198","$4,162","$4,148","$4,132","$4,142",0,0,0
Lakeshore,274246,"$3,727","$4,042","$4,211","$4,332","$4,133","$3,880","$3,594","$3,354","$3,230","$3,173","$3,150","$3,159","$3,128","$3,098","$3,122","$3,185","$3,246","$3,247","$3,259","$3,372","$3,455","$3,574","$3,548","$3,540","$3,534","$3,531","$3,539","$3,511","$3,521","$3,583","$3,650","$3,707","$3,820","$3,886","$3,929","$3,949","$3,919","$3,884","$3,787","$3,781","$3,806","$3,818","$3,795","$3,766","$3,761","$3,809","$3,863","$3,978","$4,083","$4,198","$4,283","$4,322","$4,297","$4,335","$4,376","$4,418","$4,500","$4,539","$4,559","$4,579","$4,642","$4,661","$4,586","$4,521","$4,432","$4,418","$4,360","$4,369","$4,404","$4,440","$4,468","$4,438","$4,410","$4,422","$4,368","$4,286","$4,203","$4,140","$4,106","$4,145","$4,229","$4,308","$4,375","$4,393","$4,380","$4,374","$4,315","$4,316","$4,364","$4,378","$4,377","$4,362","$4,348",0,0,0,0,0,0,0,"$4,284","$4,283","$4,246","$4,209","$4,214","$4,199","$4,185",0,0,0
Little Hollywood,417528,0,"$3,615","$3,717","$3,783","$3,571","$3,370","$3,217","$3,089","$2,996","$2,922","$2,846","$2,809","$2,789","$2,775","$2,742","$2,717","$2,694","$2,727","$2,772","$2,844","$2,893","$2,920","$2,910","$2,901","$2,898","$2,914","$2,924","$2,973","$2,996","$3,041","$3,057","$3,088","$3,104","$3,091","$3,105","$3,133","$3,120","$3,157","$3,188","$3,229","$3,223","$3,220","$3,223","$3,235","$3,281","$3,309","$3,394","$3,475","$3,554","$3,613","$3,658","$3,649","$3,659","$3,721","$3,787","$3,845","$3,887","$3,892","$3,947","$3,996","$4,065","$4,117","$4,151","$4,166","$4,144","$4,117","$4,077","$4,086","$4,108","$4,133","$4,156","$4,152","$4,149","$4,151","$4,160","$4,101","$4,041","$3,968","$3,897","$3,859","$3,860","$3,839","$3,829","$3,807","$3,750","$3,770","$3,804","$3,852","$3,843","$3,807","$3,782","$3,783","$3,761",0,0,0,0,0,0,0,"$4,300","$4,285","$4,267","$4,270","$4,310","$4,335","$4,349",0,0,0
Lone Mountain,227971,"$4,177","$4,318","$4,376","$4,397","$4,328","$4,228","$4,099","$3,995","$3,931","$3,896","$3,911","$3,970","$3,944","$3,967","$4,049","$4,118","$4,181","$4,231","$4,236","$4,208","$4,225","$4,259","$4,306","$4,356","$4,368","$4,334","$4,283","$4,243","$4,300","$4,331","$4,410","$4,361","$4,357","$4,388","$4,432","$4,452","$4,473","$4,557","$4,636","$4,748","$4,817","$4,852","$4,889","$4,933","$4,955","$4,968","$5,005","$5,104","$5,169","$5,232","$5,249","$5,267","$5,258","$5,242","$5,222","$5,195","$5,211","$5,252","$5,312","$5,374","$5,385","$5,416","$5,371","$5,307","$5,327","$5,291","$5,241","$5,207","$5,210","$5,179","$5,185","$5,187","$5,201","$5,199","$5,181","$5,139","$5,082","$5,015","$4,963","$4,928","$4,927","$4,928","$4,935","$4,949","$4,949","$4,903","$4,871","$4,822","$4,813","$4,817","$4,806","$4,754","$4,686",0,0,0,0,0,0,0,"$5,174","$5,167","$5,143","$5,074","$4,980","$4,883","$4,908",0,0,0
Lower Pacific Heights,417501,"$3,115","$3,175","$3,302","$3,374","$3,344","$3,283","$3,168","$3,124","$3,079","$3,092","$3,133","$3,159","$3,168","$3,176","$3,203","$3,237","$3,254","$3,284","$3,349","$3,324","$3,298","$3,321","$3,348","$3,329","$3,272","$3,305","$3,307","$3,367","$3,437","$3,489","$3,528","$3,542","$3,541","$3,555","$3,598","$3,644","$3,673","$3,692","$3,737","$3,790","$3,817","$3,831","$3,865","$3,939","$4,025","$4,112","$4,151","$4,218","$4,280","$4,344","$4,358","$4,362","$4,368","$4,379","$4,416","$4,451","$4,481","$4,542","$4,559","$4,602","$4,617","$4,621","$4,639","$4,653","$4,709","$4,743","$4,745","$4,756","$4,779","$4,759","$4,747","$4,704","$4,672","$4,641","$4,581","$4,528","$4,456","$4,396","$4,361","$4,348","$4,332","$4,345","$4,336","$4,325","$4,282","$4,260","$4,238","$4,224","$4,245","$4,266","$4,290","$4,286","$4,253",0,0,0,0,0,0,0,"$3,740","$3,713","$3,710","$3,707","$3,713","$3,734","$3,749",0,0,0
Marina,274422,"$3,025","$3,076","$3,120","$3,214","$3,240","$3,201","$3,148","$3,108","$3,095","$3,116","$3,152","$3,217","$3,242","$3,255","$3,271","$3,310","$3,340","$3,361","$3,376","$3,336","$3,318","$3,336","$3,363","$3,410","$3,408","$3,392","$3,411","$3,501","$3,609","$3,701","$3,748","$3,729","$3,689","$3,680","$3,743","$3,847","$3,872","$3,898","$3,912","$3,987","$4,070","$4,113","$4,132","$4,177","$4,201","$4,231","$4,313","$4,397","$4,458","$4,483","$4,491","$4,485","$4,478","$4,491","$4,492","$4,544","$4,553","$4,553","$4,581","$4,625","$4,657","$4,686","$4,692","$4,680","$4,651","$4,628","$4,598","$4,603","$4,616","$4,640","$4,652","$4,651","$4,649","$4,631","$4,591","$4,526","$4,463","$4,435","$4,408","$4,388","$4,384","$4,376","$4,374","$4,384","$4,388","$4,375","$4,381","$4,373","$4,390","$4,362","$4,371","$4,348","$4,323",0,0,0,0,0,0,0,"$4,571","$4,449","$4,341","$4,242","$4,229","$4,205","$4,220",0,0,0
Merced Manor,417504,0,"$5,339","$5,615","$5,755","$5,621","$5,375","$5,170","$4,959","$4,793","$4,626","$4,538","$4,491","$4,513","$4,526","$4,411","$4,303","$4,228","$4,168","$4,174","$4,222","$4,278","$4,374","$4,459","$4,550","$4,523","$4,356","$4,339","$4,268","$4,374","$4,405","$4,461","$4,598","$4,735","$4,758","$4,792","$4,800","$4,802","$4,778","$4,721","$4,756","$4,749","$4,745","$4,717","$4,641","$4,487","$4,384","$4,515","$4,751","$4,956","$5,108","$5,200","$5,274","$5,298","$5,314","$5,253","$5,209","$5,242","$5,268","$5,316","$5,361","$5,410","$5,474","$5,501","$5,480","$5,549","$5,586","$5,541","$5,470","$5,378","$5,317","$5,270","$5,236","$5,212","$5,188","$5,144","$5,090","$5,020","$4,965","$4,973","$4,991","$4,987","$4,884","$4,795","$4,769","$4,781","$4,782","$4,780","$4,715","$4,687","$4,689","$4,716","$4,723","$4,784",0,0,0,0,0,0,0,"$4,255","$4,219","$4,185","$4,168","$4,148","$4,110","$4,112",0,0,0
Mission,274552,"$3,389","$3,397","$3,422","$3,449","$3,419","$3,351","$3,292","$3,265","$3,255","$3,264","$3,258","$3,299","$3,332","$3,343","$3,374","$3,424","$3,463","$3,485","$3,534","$3,559","$3,595","$3,622","$3,650","$3,629","$3,565","$3,525","$3,465","$3,487","$3,572","$3,680","$3,795","$3,860","$3,919","$3,972","$3,994","$3,989","$3,995","$4,011","$4,036","$4,045","$4,072","$4,085","$4,090","$4,112","$4,134","$4,156","$4,167","$4,186","$4,236","$4,288","$4,313","$4,347","$4,379","$4,414","$4,469","$4,501","$4,526","$4,552","$4,568","$4,607","$4,621","$4,609","$4,603","$4,586","$4,560","$4,560","$4,551","$4,564","$4,560","$4,537","$4,515","$4,486","$4,466","$4,441","$4,429","$4,425","$4,392","$4,386","$4,366","$4,349","$4,328","$4,314","$4,316","$4,316","$4,302","$4,261","$4,229","$4,215","$4,222","$4,225","$4,242","$4,237","$4,224",0,0,0,0,0,0,0,"$4,306","$4,264","$4,219","$4,200","$4,181","$4,135","$4,130",0,0,0
Mission Bay,268305,0,0,0,0,0,0,0,0,0,0,0,0,0,0,0,0,0,0,0,0,0,0,0,0,0,0,0,0,0,0,0,0,0,0,0,0,0,0,0,0,0,"$2,926","$2,952","$2,969","$2,979","$2,983","$2,972","$3,013","$3,089","$3,138","$3,192","$3,226","$3,242","$3,245","$3,245","$3,250","$3,273","$3,318","$3,348","$3,373",0,0,0,0,0,0,0,0,0,0,0,0,0,0,0,0,0,0,0,0,0,0,0,0,0,0,0,0,0,0,0,0,0,0,0,0,0,0,0,0,"$4,845","$4,904","$4,969","$5,027","$5,071","$5,092","$5,106",0,0,0
Mission Terrace,417496,0,0,0,0,0,0,0,0,0,0,0,0,0,0,0,0,0,0,0,0,0,0,0,0,0,0,0,0,0,0,0,0,0,0,0,0,0,0,0,0,0,"$2,956","$3,025","$3,041","$3,104","$3,185","$3,256","$3,289","$3,405","$3,457","$3,467","$3,484","$3,562","$3,647","$3,730","$3,757","$3,825","$3,911","$3,963","$4,060","$4,102","$4,157","$4,177","$4,168","$4,133","$4,118","$4,090","$4,077","$4,077","$4,063","$4,064","$4,021","$3,986","$3,974","$3,908","$3,872","$3,767","$3,706","$3,675","$3,572","$3,461","$3,499","$3,521","$3,591","$3,639","$3,642","$3,633","$3,601","$3,647","$3,661","$3,715","$3,716","$3,719",0,0,0,0,0,0,0,"$4,185","$4,145","$4,111","$4,099","$4,102","$4,102","$4,104",0,0,0
Monterey Heights,417512,"$5,474","$5,620","$5,714","$5,782","$5,763","$5,649","$5,504","$5,298","$5,113","$5,068","$5,027","$5,000","$4,978","$4,991","$4,899","$4,784","$4,688","$4,583","$4,549","$4,601","$4,729","$4,848","$4,904","$4,939","$4,807","$4,592","$4,564","$4,560","$4,634","$4,646","$4,698","$4,674","$4,742","$4,801","$4,930","$5,024","$5,298","$5,461","$5,493","$5,480","$5,461","$5,452","$5,421","$5,256","$5,008","$4,897","$4,990","$5,285","$5,608","$5,972","$6,202","$6,348","$6,427","$6,478","$6,341","$6,253","$6,292","$6,329","$6,398","$6,497","$6,573","$6,670","$6,662","$6,611","$6,640","$6,636","$6,560","$6,454","$6,340","$6,300","$6,277","$6,335","$6,320","$6,346","$6,301","$6,201","$6,054","$5,941","$5,922","$5,923","$6,017","$5,950","$5,874","$5,826","$5,810","$5,739","$5,654","$5,605","$5,565","$5,587","$5,673","$5,753","$5,821",0,0,0,0,0,0,0,0,0,0,0,0,0,0,0,0,0
Mount Davidson Manor,417509,0,"$4,759","$4,755","$4,824","$4,605","$4,326","$4,066","$3,883","$3,761","$3,713","$3,699","$3,679","$3,674","$3,674","$3,664","$3,685","$3,699","$3,671","$3,679","$3,675","$3,706","$3,795","$3,863","$3,893","$3,900","$3,892","$3,860","$3,861","$3,860","$3,868","$3,876","$3,883","$3,863","$3,856","$3,932","$4,020","$4,106","$4,165","$4,176","$4,211","$4,310","$4,360","$4,340","$4,306","$4,239","$4,188","$4,158","$4,306","$4,486","$4,577","$4,640","$4,729","$4,724","$4,683","$4,699","$4,714","$4,781","$4,849","$4,916","$4,995","$5,090","$5,194","$5,151","$5,180","$5,166","$5,157","$5,099","$5,028","$4,964","$4,955","$4,911","$4,903","$4,876","$4,842","$4,783","$4,734","$4,703","$4,645","$4,613","$4,612","$4,630","$4,636","$4,645","$4,640","$4,600","$4,548","$4,565","$4,559","$4,596","$4,616","$4,641","$4,596","$4,583",0,0,0,0,0,0,0,"$3,719","$3,689","$3,665","$3,647","$3,647","$3,646","$3,695",0,0,0
Nob Hill,268337,"$3,590","$3,668","$3,723","$3,779","$3,768","$3,717","$3,661","$3,628","$3,599","$3,608","$3,649","$3,696","$3,701","$3,641","$3,635","$3,655","$3,679","$3,707","$3,755","$3,767","$3,763","$3,768","$3,771","$3,761","$3,754","$3,733","$3,733","$3,757","$3,816","$3,900","$3,968","$4,034","$4,036","$4,066","$4,072","$4,060","$4,099","$4,125","$4,155","$4,169","$4,200","$4,216","$4,239","$4,299","$4,303","$4,305","$4,324","$4,351","$4,366","$4,387","$4,390","$4,417","$4,435","$4,460","$4,496","$4,536","$4,533","$4,554","$4,592","$4,584","$4,617","$4,617","$4,638","$4,637","$4,649","$4,677","$4,680","$4,683","$4,694","$4,669","$4,679","$4,666","$4,680","$4,647","$4,592","$4,527","$4,467","$4,435","$4,424","$4,418","$4,404","$4,398","$4,373","$4,356","$4,322","$4,288","$4,290","$4,297","$4,333","$4,357","$4,366","$4,388","$4,383",0,0,0,0,0,0,0,"$5,967","$5,970","$5,886","$5,806","$5,754","$5,707","$5,690",0,0,0
Noe Valley,268338,"$3,911","$3,976","$4,135","$4,194","$4,141","$4,045","$3,924","$3,850","$3,805","$3,811","$3,819","$3,869","$3,921","$3,963","$3,985","$4,027","$4,063","$4,039","$4,016","$4,003","$4,032","$4,078","$4,089","$4,094","$4,076","$4,051","$4,033","$4,052","$4,168","$4,288","$4,380","$4,405","$4,435","$4,481","$4,488","$4,537","$4,537","$4,534","$4,553","$4,553","$4,566","$4,573","$4,530","$4,563","$4,507","$4,437","$4,450","$4,565","$4,762","$4,894","$4,998","$5,055","$5,067","$5,029","$5,018","$5,046","$5,076","$5,106","$5,147","$5,245","$5,278","$5,306","$5,308","$5,280","$5,315","$5,337","$5,308","$5,254","$5,213","$5,169","$5,140","$5,149","$5,179","$5,132","$5,062","$4,985","$4,933","$4,894","$4,880","$4,876","$4,857","$4,828","$4,821","$4,843","$4,913","$4,936","$4,918","$4,910","$4,891","$4,905","$4,872","$4,804","$4,739",0,0,0,0,0,0,0,"$4,578","$4,509","$4,431","$4,363","$4,338","$4,346","$4,393",0,0,0
North Beach,116918,"$4,001","$4,135","$4,218","$4,261","$4,272","$4,205","$4,140","$4,135","$4,100","$4,081","$4,099","$4,171","$4,237","$4,243","$4,269","$4,284","$4,268","$4,245","$4,291","$4,328","$4,398","$4,471","$4,549","$4,574","$4,558","$4,519","$4,522","$4,573","$4,699","$4,811","$4,860","$4,864","$4,870","$4,903","$4,980","$5,058","$5,120","$5,154","$5,149","$5,124","$5,109","$5,101","$5,078","$5,101","$5,084","$4,987","$4,950","$4,957","$4,949","$4,961","$5,008","$5,050","$5,111","$5,144","$5,174","$5,204","$5,191","$5,170","$5,259","$5,332","$5,371","$5,380","$5,393","$5,372","$5,364","$5,369","$5,335","$5,309","$5,314","$5,345","$5,336","$5,320","$5,335","$5,292","$5,244","$5,214","$5,166","$5,129","$5,090","$5,018","$5,011","$4,945","$4,876","$4,893","$4,870","$4,878","$4,898","$4,943","$5,015","$5,058","$5,058","$5,003","$4,950",0,0,0,0,0,0,0,"$4,374","$4,338","$4,299","$4,280","$4,275","$4,260","$4,261",0,0,0
North Waterfront,417492,"$2,419","$2,420","$2,411","$2,411","$2,427","$2,428","$2,427",0,"$2,366","$2,360",0,"$2,459","$2,546","$2,571","$2,590","$2,641","$2,649","$2,637","$2,688","$2,727","$2,784","$2,856","$2,902","$2,967","$2,966","$2,924","$2,913",0,0,0,0,0,"$2,971",0,"$3,108","$3,192","$3,219","$3,223","$3,229","$3,244","$3,237",0,0,0,"$3,233","$3,202",0,"$3,156",0,"$3,259","$3,334","$3,404",0,"$3,496","$3,478","$3,461","$3,498","$3,634","$3,732",0,0,0,0,0,"$3,588","$3,496","$3,573",0,0,0,0,0,0,0,"$3,467","$3,424","$3,429","$3,493","$3,467",0,0,0,0,0,0,0,"$3,391","$3,411","$3,529","$3,651","$3,719","$3,828","$3,789",0,0,0,0,0,0,0,"$4,673","$4,615","$4,564","$4,524","$4,499","$4,484","$4,482",0,0,0
Oceanview,274872,"$3,315","$3,264","$3,281","$3,346","$3,191","$3,026","$2,917","$2,829","$2,785","$2,755","$2,730","$2,706","$2,686","$2,696","$2,695","$2,700","$2,703","$2,704","$2,715","$2,745","$2,777","$2,785","$2,771","$2,745","$2,725","$2,726","$2,744","$2,763","$2,755","$2,751","$2,769","$2,777","$2,798","$2,872","$2,928","$2,998","$3,066","$3,135","$3,160","$3,173","$3,186","$3,193","$3,235","$3,219","$3,258","$3,316","$3,418","$3,508","$3,653","$3,740","$3,787","$3,811","$3,828","$3,874","$3,942","$3,975","$4,017","$4,063","$4,106","$4,181","$4,262","$4,326","$4,360","$4,337","$4,296","$4,277","$4,253","$4,283","$4,294","$4,285","$4,271","$4,213","$4,136","$4,039","$3,985","$3,937","$3,853","$3,771","$3,750","$3,757","$3,736","$3,727","$3,724","$3,760","$3,749","$3,757","$3,736","$3,720","$3,763","$3,804","$3,854","$3,877","$3,867",0,0,0,0,0,0,0,"$4,901","$4,823","$4,767","$4,728","$4,735","$4,714","$4,709",0,0,0
Outer Mission,268382,0,0,0,0,0,0,0,0,0,0,0,0,0,0,0,0,0,"$2,508",0,"$2,525",0,0,0,0,"$2,510",0,0,0,0,0,0,0,0,0,0,0,0,0,0,0,0,"$2,900","$2,956","$2,943","$2,874","$2,893","$2,978","$3,064","$3,135","$3,236","$3,282","$3,316","$3,369","$3,399","$3,445","$3,501","$3,565","$3,616","$3,671","$3,718","$3,761","$3,786","$3,809","$3,825","$3,718","$3,647","$3,566","$3,527","$3,526","$3,538","$3,555","$3,588","$3,662","$3,706","$3,630","$3,553","$3,497","$3,456","$3,439","$3,440","$3,428","$3,452","$3,486","$3,506","$3,471","$3,435","$3,410","$3,381","$3,378","$3,390","$3,404","$3,432","$3,480",0,0,0,0,0,0,0,0,0,0,0,0,0,0,0,0,0
Outer Richmond,268383,"$3,608","$3,598","$3,601","$3,625","$3,542","$3,408","$3,300","$3,238","$3,214","$3,213","$3,242","$3,291","$3,299","$3,297","$3,291","$3,312","$3,317","$3,314","$3,339","$3,370","$3,390","$3,398","$3,432","$3,462","$3,516","$3,538","$3,507","$3,401","$3,311","$3,314","$3,316","$3,335","$3,398","$3,450","$3,464","$3,522","$3,556","$3,590","$3,637","$3,707","$3,764","$3,793","$3,785","$3,844","$3,894","$3,932","$3,994","$4,071","$4,182","$4,275","$4,343","$4,436","$4,426","$4,407","$4,386","$4,400","$4,451","$4,498","$4,515","$4,542","$4,527","$4,516","$4,483","$4,441","$4,441","$4,435","$4,409","$4,412","$4,420","$4,412","$4,397","$4,369","$4,341","$4,297","$4,250","$4,199","$4,140","$4,111","$4,083","$4,074","$4,100","$4,107","$4,097","$4,064","$4,053","$4,020","$3,990","$3,971","$4,015","$4,044","$4,074","$4,076","$4,052",0,0,0,0,0,0,0,"$3,827","$3,764","$3,701","$3,645","$3,632","$3,650","$3,670",0,0,0
Outer Sunset,268384,0,"$3,518","$3,535","$3,557","$3,453","$3,325","$3,175","$3,076","$3,028","$3,000","$3,006","$3,020","$3,024","$3,052","$3,085","$3,102","$3,078","$3,054","$3,050","$3,068","$3,102","$3,158","$3,207","$3,230","$3,264","$3,223","$3,124","$3,062","$3,049","$3,144","$3,266","$3,365","$3,478","$3,519","$3,482","$3,468","$3,438","$3,429","$3,434","$3,506","$3,577","$3,613","$3,625","$3,698","$3,763","$3,832","$3,935","$4,051","$4,149","$4,231","$4,256","$4,297","$4,302","$4,276","$4,247","$4,248","$4,313","$4,375","$4,429","$4,489","$4,500","$4,486","$4,431","$4,387","$4,386","$4,390","$4,366","$4,353","$4,351","$4,334","$4,352","$4,341","$4,318","$4,255","$4,216","$4,159","$4,111","$4,072","$4,042","$4,034","$4,034","$4,032","$4,036","$4,008","$3,991","$3,948","$3,909","$3,901","$3,948","$3,988","$4,030","$4,031","$4,009",0,0,0,0,0,0,0,"$3,507","$3,432","$3,356","$3,309","$3,308","$3,334","$3,354",0,0,0
Pacific Heights,268385,"$4,220","$4,301","$4,377","$4,409","$4,430","$4,402","$4,339","$4,300","$4,259","$4,300","$4,325","$4,361","$4,334","$4,312","$4,300","$4,309","$4,307","$4,326","$4,343","$4,350","$4,278","$4,309","$4,385","$4,462","$4,508","$4,481","$4,442","$4,478","$4,531","$4,532","$4,565","$4,597","$4,643","$4,684","$4,734","$4,774","$4,809","$4,876","$4,965","$5,020","$5,020","$5,020","$5,032","$5,081","$5,044","$5,012","$5,026","$5,086","$5,144","$5,177","$5,207","$5,231","$5,249","$5,236","$5,233","$5,261","$5,301","$5,349","$5,456","$5,548","$5,607","$5,642","$5,653","$5,623","$5,591","$5,571","$5,520","$5,502","$5,497","$5,465","$5,413","$5,367","$5,373","$5,331","$5,272","$5,196","$5,144","$5,120","$5,120","$5,110","$5,119","$5,092","$5,079","$5,091","$5,093","$5,076","$5,072","$5,074","$5,103","$5,128","$5,134","$5,102","$5,043",0,0,0,0,0,0,0,"$3,965","$3,885","$3,819","$3,797","$3,802","$3,789","$3,800",0,0,0
Parkside,268396,0,0,"$2,768",0,"$2,838","$2,646",0,"$2,347","$2,322","$2,325",0,0,"$2,327","$2,311","$2,286","$2,281","$2,289","$2,282",0,"$2,316","$2,328","$2,343","$2,403","$2,463","$2,498","$2,524","$2,531","$2,462","$2,381","$2,322","$2,296","$2,307","$2,349","$2,383","$2,412","$2,446","$2,482",0,"$2,564","$2,603","$2,658","$2,686","$2,693","$2,742","$2,765","$2,800","$2,820","$2,820","$2,912","$3,018","$3,145","$3,230","$3,292","$3,332","$3,366","$3,419","$3,449","$3,537","$3,578","$3,724","$3,758","$3,803","$3,802","$3,768","$3,758","$3,761","$3,778","$3,781","$3,686","$3,616","$3,527","$3,458","$3,467","$3,435","$3,403","$3,339","$3,286","$3,287","$3,268","$3,281","$3,292","$3,324","$3,295","$3,249","$3,189","$3,177","$3,171","$3,146","$3,141","$3,135","$3,206","$3,238","$3,254",0,0,0,0,0,0,0,"$3,911","$3,804","$3,730","$3,690","$3,682","$3,671","$3,672",0,0,0
Portola,117447,0,"$3,921","$4,293",0,0,0,0,0,0,0,0,0,0,0,0,0,0,0,0,0,0,0,0,0,0,0,0,"$2,703",0,"$2,704",0,0,0,0,0,0,0,0,0,"$2,712","$2,735","$2,746","$2,725","$2,695","$2,676","$2,694","$2,793","$2,917","$3,044","$3,131","$3,259","$3,313","$3,473","$3,529","$3,511","$3,471","$3,464","$3,516","$3,538","$3,606","$3,539","$3,685","$3,592","$3,598","$3,687","$3,732","$3,634","$3,645","$3,468","$3,396","$3,386","$3,348","$3,629","$3,734","$3,761","$3,717","$3,582","$3,506","$3,462","$3,429","$3,448","$3,482","$3,439","$3,401","$3,367","$3,391","$3,441","$3,490","$3,557","$3,575","$3,609","$3,534","$3,537",0,0,0,0,0,0,0,"$5,010","$4,936","$4,851","$4,796","$4,768","$4,724","$4,706",0,0,0
Potrero Hill,268414,"$3,832","$3,861","$3,888","$3,912","$3,885","$3,828","$3,770","$3,745","$3,728","$3,734","$3,742","$3,807","$3,856","$3,839","$3,850","$3,859","$3,862","$3,884","$3,945","$4,013","$4,039","$4,064","$4,078","$4,061","$4,004","$3,918","$3,841","$3,855","$3,948","$4,088","$4,223","$4,332","$4,410","$4,486","$4,512","$4,518","$4,515","$4,534","$4,561","$4,561","$4,574","$4,580","$4,568","$4,572","$4,563","$4,540","$4,568","$4,587","$4,677","$4,759","$4,804","$4,835","$4,859","$4,868","$4,905","$4,949","$4,993","$5,035","$5,067","$5,102","$5,086","$5,053","$4,998","$4,938","$4,885","$4,861","$4,831","$4,816","$4,823","$4,831","$4,836","$4,810","$4,790","$4,760","$4,737","$4,713","$4,675","$4,648","$4,621","$4,618","$4,616","$4,625","$4,634","$4,612","$4,572","$4,514","$4,487","$4,476","$4,486","$4,498","$4,516","$4,508","$4,467",0,0,0,0,0,0,0,"$4,445","$4,397","$4,343","$4,276","$4,218","$4,153","$4,115",0,0,0
Presidio Heights,268419,"$5,118","$5,112","$5,203","$5,307","$5,204","$4,995","$4,760","$4,629","$4,664","$4,783","$4,810","$4,749","$4,659","$4,580","$4,524","$4,539","$4,573","$4,570","$4,574","$4,547","$4,528","$4,543","$4,598","$4,579","$4,597","$4,606","$4,632","$4,616","$4,606","$4,619","$4,612","$4,670","$4,774","$4,869","$4,961","$4,991","$5,088","$5,122","$5,112","$5,172","$5,214","$5,235","$5,254","$5,280","$5,268","$5,288","$5,401","$5,527","$5,700","$5,785","$5,902","$6,035","$6,101","$6,103","$6,084","$6,056","$6,023","$5,991","$5,974","$6,000","$6,097","$6,229","$6,223","$6,195","$6,192","$6,075","$6,005","$5,956","$5,932","$5,860","$5,782","$5,819","$5,855","$5,843","$5,818","$5,782","$5,706","$5,674","$5,627","$5,604","$5,545","$5,536","$5,560","$5,596","$5,588","$5,508","$5,452","$5,383","$5,368","$5,369","$5,368","$5,280","$5,189",0,0,0,0,0,0,0,"$3,278","$3,243","$3,199","$3,223","$3,292","$3,341","$3,382",0,0,0
Russian Hill,268450,"$3,917","$3,989","$4,086","$4,130","$4,119","$4,076","$4,001","$3,954","$3,917","$3,941","$3,997","$4,056","$4,087","$4,091","$4,113","$4,139","$4,145","$4,159","$4,182","$4,170","$4,185","$4,232","$4,271","$4,291","$4,293","$4,274","$4,289","$4,360","$4,466","$4,575","$4,606","$4,623","$4,635","$4,658","$4,706","$4,798","$4,851","$4,899","$4,926","$5,002","$5,047","$5,071","$5,087","$5,174","$5,154","$5,117","$5,097","$5,113","$5,144","$5,148","$5,158","$5,186","$5,214","$5,223","$5,228","$5,244","$5,234","$5,228","$5,369","$5,480","$5,550","$5,571","$5,562","$5,504","$5,481","$5,462","$5,418","$5,381","$5,351","$5,335","$5,336","$5,362","$5,374","$5,348","$5,315","$5,252","$5,209","$5,177","$5,168","$5,159","$5,157","$5,091","$5,051","$5,047","$5,076","$5,056","$5,027","$5,064","$5,129","$5,140","$5,110","$5,044","$4,965",0,0,0,0,0,0,0,"$3,608","$3,615","$3,577","$3,562","$3,569","$3,618","$3,670",0,0,0
Seacliff,268462,"$5,684","$5,877","$5,980","$6,090","$6,075","$5,868","$5,636","$5,397","$5,348","$5,459","$5,456","$5,203","$5,042","$5,055","$4,961","$4,995","$4,787","$4,766","$4,799","$4,887","$5,009","$5,122","$5,229","$5,313","$5,303","$5,273","$5,265","$5,268","$5,327","$5,377","$5,171","$5,183","$5,357","$5,571","$5,753","$5,766","$5,891","$6,000","$5,921","$5,959","$5,896","$5,865","$5,806","$5,762","$5,638","$5,523","$5,715","$5,987","$6,144","$6,345","$6,472","$6,616","$6,913","$7,011","$6,723","$6,556","$6,391","$6,299","$6,232","$6,251","$6,411","$6,579","$6,713","$6,822","$6,837","$6,716","$6,649","$6,500","$6,289","$6,142","$6,032","$6,088","$6,152","$6,135","$6,077","$6,044","$6,008","$5,994","$5,917","$5,866","$5,827","$5,651","$5,556","$5,510","$5,594","$5,696","$5,638","$5,613","$5,648","$5,673","$5,635","$5,558","$5,521",0,0,0,0,0,0,0,"$4,458","$4,412","$4,349","$4,315","$4,299","$4,291","$4,288",0,0,0
Sherwood Forest,223174,"$3,737","$3,829","$3,951","$4,023","$3,926","$3,767","$3,613","$3,487","$3,403","$3,366","$3,372","$3,391","$3,443","$3,476","$3,493","$3,455","$3,398","$3,346","$3,321","$3,317","$3,356","$3,433","$3,480","$3,514","$3,461","$3,368","$3,304","$3,277","$3,303","$3,286","$3,254","$3,273","$3,330","$3,346","$3,397","$3,428","$3,459","$3,486","$3,575","$3,693","$3,779",0,0,0,0,0,0,0,0,0,0,0,0,0,0,0,0,0,0,0,0,0,0,0,0,0,0,0,0,0,0,0,0,0,0,0,0,0,0,0,0,0,0,0,0,0,0,0,0,0,0,0,0,0,0,0,0,0,0,0,"$5,113","$5,041","$4,955","$4,872","$4,819","$4,759","$4,795",0,0,0
Silver Terrace,417527,"$3,708","$3,737","$3,794","$3,828","$3,648","$3,456","$3,270","$3,103","$3,008","$3,008","$2,995","$2,992","$2,994","$2,931","$2,913","$2,912","$2,923","$2,945","$2,959","$2,979","$3,007","$3,018","$2,982","$2,966","$2,953","$2,933","$2,913","$2,886","$2,874",0,"$2,911","$2,958","$2,982","$2,995","$2,968","$2,956","$2,969","$3,066","$3,120","$3,136","$3,166","$3,181","$3,123","$3,196","$3,313","$3,355","$3,432","$3,520","$3,605","$3,720","$3,817","$3,891","$3,958","$3,960","$3,953","$3,881","$3,898","$3,891","$3,960","$4,054","$4,109","$4,114","$4,188","$4,215","$4,206","$4,181","$4,121","$4,157","$4,193","$4,202","$4,233","$4,222","$4,011","$3,883","$3,790","$3,710","$3,620","$3,550","$3,558","$3,583","$3,608","$3,648","$3,639","$3,605","$3,607","$3,594","$3,600","$3,622","$3,671","$3,687","$3,727","$3,746","$3,750",0,0,0,0,0,0,0,"$4,888","$4,798","$4,744","$4,718","$4,721","$4,718","$4,720",0,0,0
South Beach,207518,"$3,215","$3,277","$3,337","$3,422","$3,509","$3,540","$3,537","$3,505","$3,496","$3,551","$3,624","$3,644","$3,648","$3,652","$3,674","$3,726","$3,704","$3,724","$3,714","$3,679","$3,649","$3,655","$3,672","$3,622","$3,613","$3,587","$3,550","$3,535","$3,592","$3,644","$3,661","$3,655","$3,713","$3,784","$3,873","$3,938","$4,008","$4,096","$4,106","$4,175","$4,131","$4,110","$4,098","$4,068","$4,071","$4,065","$4,090","$4,072","$4,130","$4,137","$4,179","$4,191","$4,236","$4,250","$4,290","$4,361","$4,389","$4,406","$4,427","$4,444","$4,577","$4,673","$4,677","$4,649","$4,565","$4,532","$4,475","$4,477","$4,454","$4,461","$4,454","$4,430","$4,457","$4,441","$4,427","$4,391","$4,352","$4,332","$4,329","$4,340","$4,345","$4,359","$4,363","$4,315","$4,241","$4,182","$4,152","$4,134","$4,144","$4,179","$4,220","$4,257","$4,266",0,0,0,0,0,0,0,"$5,621","$5,551","$5,450","$5,326","$5,236","$4,995","$5,060",0,0,0
South of Market,268491,"$2,622","$2,619","$2,623","$2,625","$2,607","$2,576","$2,557","$2,539","$2,540","$2,548","$2,545","$2,577","$2,623","$2,646","$2,635","$2,651","$2,645","$2,646","$2,673","$2,709","$2,729","$2,730","$2,742","$2,720","$2,700","$2,659","$2,618","$2,623","$2,657","$2,726","$2,789","$2,828","$2,845","$2,891","$2,925","$2,939","$2,973","$2,985","$3,019","$3,060","$3,119","$3,150","$3,232","$3,318","$3,388","$3,429","$3,463","$3,494","$3,558","$3,583","$3,646","$3,719","$3,788","$3,802","$3,827","$3,821","$3,820","$3,833","$3,798","$3,827","$3,834","$3,876","$3,955","$4,032","$4,054","$4,072","$4,088","$4,068","$4,052","$3,984","$3,894","$3,869","$3,849","$3,806","$3,764","$3,698","$3,622","$3,593","$3,586","$3,583","$3,608","$3,649","$3,648","$3,622","$3,550","$3,515","$3,485","$3,491","$3,566","$3,661","$3,736","$3,814","$3,839",0,0,0,0,0,0,0,0,0,0,0,0,0,0,0,0,0
St. Francis Wood,417511,"$6,555","$6,932","$6,993","$6,946","$6,810","$6,586","$6,352","$6,139","$5,986","$5,945","$5,956","$5,966","$5,992","$6,047","$6,124","$6,129","$6,036","$5,927","$5,892","$5,863","$5,882","$5,940","$5,946","$5,926","$5,848","$5,782","$5,725","$5,666","$5,703","$5,731","$5,759","$5,759","$5,792","$5,865","$6,004","$6,150","$6,378","$6,442","$6,383","$6,298","$6,224","$6,187","$6,213","$5,792","$5,302","$4,979","$5,013","$5,315","$5,735",0,0,"$6,810","$6,870","$6,955","$6,991","$6,936","$6,986","$7,173","$7,453","$7,675","$7,825","$7,916","$7,850","$7,707","$7,602","$7,458","$7,231","$7,054","$7,013","$7,108","$7,221","$7,242","$7,164","$7,103","$7,032","$6,953","$6,748","$6,539","$6,529","$6,499","$6,570","$6,500","$6,538","$6,458","$6,406","$6,469","$6,403","$6,247","$6,034","$6,115","$6,349","$6,557","$6,682",0,0,0,0,0,0,0,"$3,712","$3,626","$3,546","$3,481","$3,468","$3,447","$3,467",0,0,0
Stonestown,118310,0,"$5,595","$5,938","$6,135","$6,028","$5,815","$5,577","$5,316","$5,122","$4,961","$4,842","$4,784","$4,799","$4,798","$4,700","$4,574","$4,448","$4,404","$4,442","$4,511","$4,659","$4,823","$4,915","$4,971","$4,867","$4,711","$4,576","$4,417","$4,501","$4,590","$4,745","$4,917","$5,084","$5,111","$5,039","$5,008","$4,976","$4,938","$4,867","$4,869","$4,858","$4,853","$4,779","$4,709","$4,596","$4,500","$4,571","$4,839","$5,117","$5,334","$5,442","$5,501","$5,442","$5,444","$5,407","$5,387","$5,424","$5,412","$5,432","$5,449","$5,492","$5,606","$5,624","$5,623","$5,722","$5,795","$5,779","$5,728","$5,659","$5,609","$5,568","$5,554","$5,519","$5,492","$5,392","$5,322","$5,223","$5,145","$5,132","$5,136","$5,124","$5,073","$5,020","$4,990","$4,962","$4,951","$4,933","$4,847","$4,841","$4,877","$4,913","$4,959","$5,005",0,0,0,0,0,0,0,"$4,286","$4,303","$4,297","$4,290","$4,276","$4,241","$4,207",0,0,0
Sunnyside,415247,"$3,568","$3,620","$3,669","$3,708","$3,568","$3,426","$3,322","$3,254","$3,234","$3,235","$3,247","$3,263","$3,277","$3,270","$3,254","$3,266","$3,280","$3,285","$3,261","$3,261","$3,257","$3,254","$3,234","$3,222","$3,225","$3,244","$3,262","$3,277","$3,335","$3,383","$3,441","$3,494","$3,514","$3,544","$3,549","$3,575","$3,614","$3,685","$3,725","$3,728","$3,749",0,0,0,"$3,759",0,0,0,0,0,"$3,996","$4,174","$4,245",0,0,0,0,0,0,"$4,386","$4,348","$4,334","$4,214","$4,187","$4,139","$4,047","$4,007","$4,007","$4,099","$4,174",0,0,"$4,381","$4,503","$4,480","$4,491","$4,482","$4,466",0,0,"$4,083","$4,058","$3,849",0,"$3,601","$3,479",0,"$3,430",0,0,0,0,0,0,0,0,0,0,0,0,"$3,723","$3,646","$3,635","$3,638","$3,647","$3,643","$3,672",0,0,0
Telegraph Hill,268517,"$3,410","$3,476","$3,662","$3,724","$3,674","$3,575","$3,477","$3,423","$3,397","$3,394","$3,418","$3,441","$3,470","$3,493","$3,525","$3,562","$3,556","$3,512","$3,534","$3,539","$3,535","$3,535","$3,534","$3,475","$3,451","$3,471","$3,519","$3,603","$3,713","$3,827","$3,901","$3,923","$3,947","$3,976","$3,998","$4,033","$4,079","$4,121","$4,145","$4,138","$4,119","$4,110","$4,103","$4,073","$4,078","$4,078","$4,112","$4,143","$4,157","$4,167","$4,136","$4,162","$4,218","$4,281","$4,337","$4,374","$4,370","$4,350","$4,356","$4,411","$4,458","$4,502","$4,533","$4,529","$4,542","$4,594","$4,628","$4,640","$4,649","$4,656","$4,664","$4,668","$4,637","$4,569","$4,518","$4,453","$4,367","$4,315","$4,238","$4,186","$4,168","$4,146","$4,135","$4,150","$4,162","$4,151","$4,162","$4,132","$4,165","$4,186","$4,219","$4,272","$4,280",0,0,0,0,0,0,0,"$6,924","$6,943","$6,880","$6,728","$6,615","$6,582","$6,656",0,0,0
Tenderloin,417493,"$3,194","$3,194","$3,190","$3,191","$3,023","$2,888","$2,805","$2,731","$2,747","$2,766","$2,813","$2,788","$2,784","$2,764","$2,784","$2,700","$2,712","$2,706","$2,740","$2,793","$2,846","$2,916","$2,996","$3,045","$3,104","$3,079","$3,030","$3,006","$3,003","$3,059","$3,092","$3,079","$3,070","$3,074","$3,111","$3,169","$3,274","$3,339","$3,392","$3,486","$3,558","$3,595","$3,664","$3,725","$3,794","$3,821","$3,799","$3,802","$3,808","$3,819","$3,920","$3,986","$4,098","$4,130","$4,121","$4,124","$4,135","$4,210","$4,251","$4,305","$4,308","$4,318","$4,318","$4,261","$4,189","$4,067","$4,102","$4,078","$4,122","$4,120","$4,139","$4,100","$4,089","$4,076","$4,039","$4,034","$4,024","$4,021","$4,033","$4,042","$4,039","$4,020","$3,881","$3,826","$3,637","$3,543","$3,596","$3,600","$3,688","$3,724","$3,683","$3,618","$3,523",0,0,0,0,0,0,0,"$4,964","$4,982","$4,994","$5,011","$5,022","$5,030","$5,050",0,0,0
Visitacion Valley,268570,0,"$3,569","$3,888","$3,955","$3,704","$3,401",0,0,"$2,740","$2,684","$2,629","$2,624","$2,632","$2,611","$2,623","$2,629","$2,620","$2,645",0,"$2,684",0,"$2,737","$2,748","$2,699",0,"$2,733",0,"$2,874","$2,910","$2,970","$3,020","$3,035",0,0,"$2,982","$2,962","$2,954","$2,968","$2,993",0,"$3,012","$3,022","$3,038","$3,056","$3,126","$3,159","$3,234","$3,317","$3,391","$3,463","$3,519","$3,539","$3,580","$3,610","$3,641","$3,658","$3,710","$3,798","$3,861","$3,967","$4,049","$4,093","$4,139","$4,127","$4,095","$4,053","$4,015","$4,011","$4,016","$4,025","$4,025","$4,007","$3,998","$3,920","$3,891","$3,876","$3,825","$3,767","$3,717","$3,689","$3,708","$3,698","$3,685","$3,656","$3,641","$3,646","$3,646","$3,644","$3,669","$3,673","$3,751","$3,791","$3,808",0,0,0,0,0,0,0,0,0,"$3,405","$3,383","$3,352","$3,345","$3,363",0,0,0
Western Addition,118904,"$3,393","$3,327","$3,319","$3,350","$3,344","$3,291","$3,236","$3,211","$3,196","$3,190","$3,198","$3,264","$3,331","$3,397","$3,451","$3,490","$3,525","$3,556","$3,582","$3,599","$3,608","$3,599","$3,629","$3,662","$3,670","$3,644","$3,596","$3,608","$3,641","$3,694","$3,736","$3,775","$3,836","$3,882","$3,926","$3,956","$3,954","$3,986","$4,063","$4,142","$4,217","$4,255","$4,278","$4,347","$4,368","$4,356","$4,352","$4,393","$4,449","$4,520","$4,575","$4,621","$4,645","$4,620","$4,601","$4,598","$4,674","$4,639","$4,660","$4,753","$4,802","$4,839","$4,837","$4,814","$4,792","$4,743","$4,711","$4,698","$4,693","$4,710","$4,630","$4,688","$4,720","$4,692","$4,649","$4,594","$4,577","$4,545","$4,528","$4,555","$4,595","$4,585","$4,599","$4,625","$4,631","$4,614","$4,598","$4,571","$4,558","$4,533","$4,509","$4,480","$4,475",0,0,0,0,0,0,0,"$4,374","$4,405","$4,433","$4,444","$4,488","$4,503","$4,505",0,0,0
Westwood Highlands,417513,0,"$5,248","$5,346","$5,382","$5,170","$4,919","$4,731","$4,580","$4,455","$4,407","$4,418","$4,414","$4,489","$4,480","$4,492","$4,414","$4,335","$4,218","$4,186","$4,174","$4,178","$4,324","$4,428","$4,539","$4,547","$4,470","$4,417","$4,400","$4,444","$4,323","$4,128","$4,035","$3,961","$3,985","$4,140","$4,272","$4,360","$4,420","$4,487","$4,602","$4,723","$4,784","$4,698","$4,629","$4,478","$4,396","$4,512","$4,718","$4,893","$5,030","$5,182","$5,376","$5,503","$5,573","$5,514","$5,492","$5,496","$5,501","$5,485","$5,515","$5,560","$5,675","$5,721","$5,770","$5,828","$5,806","$5,735","$5,617","$5,466","$5,416","$5,316","$5,259","$5,254","$5,197","$5,128","$5,068","$5,014","$4,914","$4,868","$4,845","$4,829","$4,808","$4,765","$4,739","$4,806","$4,863","$4,898","$4,949","$5,032","$5,075","$5,060","$5,037","$5,023",0,0,0,0,0,0,0,"$3,463","$3,344","$3,081","$2,995","$2,914","$2,834","$2,795",0,0,0
Westwood Park,417510,0,"$2,993","$3,038","$3,080","$2,973","$2,871","$2,777","$2,724","$2,693","$2,693","$2,704","$2,703","$2,715","$2,725","$2,720","$2,741",0,0,0,0,0,0,0,0,0,0,0,0,0,0,0,0,0,0,0,0,0,0,0,0,0,"$2,752","$2,772","$2,794","$2,812","$2,825","$2,852","$2,836",0,0,0,0,0,0,0,0,0,0,0,0,"$4,716","$4,743","$4,698","$4,718","$4,700","$4,686","$4,637","$4,595","$4,566","$4,563","$4,546","$4,566","$4,679","$4,717","$4,714","$4,703","$4,680","$4,631","$4,621","$4,633","$4,644","$4,635","$4,622","$4,606","$4,585","$4,548","$4,557","$4,547","$4,565","$4,573","$4,587","$4,537","$4,570",0,0,0,0,0,0,0,"$4,735","$4,572","$4,438","$4,339","$4,314","$4,290","$4,279",0,0,0
0,0,0,0,0,0,0,0,0,0,0,0,0,0,0,0,0,0,0,0,0,0,0,0,0,0,0,0,0,0,0,0,0,0,0,0,0,0,0,0,0,0,0,0,0,0,0,0,0,0,0,0,0,0,0,0,0,0,0,0,0,0,0,0,0,0,0,0,0,0,0,0,0,0,0,0,0,0,0,0,0,0,0,0,0,0,0,0,0,0,0,0,0,0,0,0,0,0,0,0,0,0,"$3,762","$3,705","$3,676","$3,653","$3,653","$3,663","$3,685",0,0,0
0,0,0,0,0,0,0,0,0,0,0,0,0,0,0,0,0,0,0,0,0,0,0,0,0,0,0,0,0,0,0,0,0,0,0,0,0,0,0,0,0,0,0,0,0,0,0,0,0,0,0,0,0,0,0,0,0,0,0,0,0,0,0,0,0,0,0,0,0,0,0,0,0,0,0,0,0,0,0,0,0,0,0,0,0,0,0,0,0,0,0,0,0,0,0,0,0,0,0,0,0,0,"$4,331","$4,216","$4,141","$4,068","$4,070","$4,076","$4,059",0,0,0
0,0,0,0,0,0,0,0,0,0,0,0,0,0,0,0,0,0,0,0,0,0,0,0,0,0,0,0,0,0,0,0,0,0,0,0,0,0,0,0,0,0,0,0,0,0,0,0,0,0,0,0,0,0,0,0,0,0,0,0,0,0,0,0,0,0,0,0,0,0,0,0,0,0,0,0,0,0,0,0,0,0,0,0,0,0,0,0,0,0,0,0,0,0,0,0,0,0,0,0,0,0,"$4,986","$4,972","$4,967","$4,960","$4,958","$4,918","$4,906",0,0,0
0,0,0,0,0,0,0,0,0,0,0,0,0,0,0,0,0,0,0,0,0,0,0,0,0,0,0,0,0,0,0,0,0,0,0,0,0,0,0,0,0,0,0,0,0,0,0,0,0,0,0,0,0,0,0,0,0,0,0,0,0,0,0,0,0,0,0,0,0,0,0,0,0,0,0,0,0,0,0,0,0,0,0,0,0,0,0,0,0,0,0,0,0,0,0,0,0,0,0,0,0,0,"$4,517","$4,482","$4,449","$4,408","$4,378","$4,366","$4,409",0,0,0
